Taxon,Divergence
GCA_000348725.1,Bdellovibrionota+Myxococcota
 GCA_001907975.2,Bdellovibrionota+Myxococcota
 GCA_001263175.1,Bdellovibrionota+Myxococcota
 GCA_012933655.1,Bdellovibrionota+Myxococcota
 GCA_900101905.1,Bdellovibrionota+Myxococcota
 GCA_013116825.1,Bdellovibrionota+Myxococcota
 GCA_000280925.3,Bdellovibrionota+Myxococcota
 GCA_000331735.1,Bdellovibrionota+Myxococcota
 GCA_000737315.1,Bdellovibrionota+Myxococcota
 GCA_900109545.1,Bdellovibrionota+Myxococcota
 GCA_002305855.1,Bdellovibrionota+Myxococcota
 GCA_002305875.1,Bdellovibrionota+Myxococcota
 GCA_000733295.1,Bdellovibrionota+Myxococcota
 GCA_002994635.1,Bdellovibrionota+Myxococcota
 GCA_000170895.1,Bdellovibrionota+Myxococcota
 GCA_000024805.1,Bdellovibrionota+Myxococcota
 GCA_001263205.1,Bdellovibrionota+Myxococcota
 GCA_001189295.1,Bdellovibrionota+Myxococcota
 GCA_000601485.1,Bdellovibrionota+Myxococcota
 GCA_002950945.1,Bdellovibrionota+Myxococcota
 GCA_000737325.2,Bdellovibrionota+Myxococcota
 GCA_001672295.1,Bdellovibrionota+Myxococcota
 GCA_009856865.1,Bdellovibrionota+Myxococcota
 GCA_000934745.1,Bdellovibrionota+Myxococcota
 GCA_003252055.1,Bdellovibrionota+Myxococcota
 GCA_900107645.1,Bdellovibrionota+Myxococcota
 GCA_000421605.1,Bdellovibrionota+Myxococcota
 GCA_000482745.1,Bdellovibrionota+Myxococcota
 GCA_007830435.1,Bdellovibrionota+Myxococcota
 GCA_000931935.2,Bdellovibrionota+Myxococcota
 GCA_000734015.1,Bdellovibrionota+Myxococcota
 GCA_001888165.1,Bdellovibrionota+Myxococcota
 GCA_900111775.1,Bdellovibrionota+Myxococcota
 GCA_000429325.1,Bdellovibrionota+Myxococcota
 GCA_900102485.1,Bdellovibrionota+Myxococcota
 GCA_001311845.1,Bdellovibrionota+Myxococcota
 GCA_007625075.1,Bdellovibrionota+Myxococcota
 GCA_900142125.1,Bdellovibrionota+Myxococcota
 GCA_900217235.1,Bdellovibrionota+Myxococcota
 GCA_000934755.1,Bdellovibrionota+Myxococcota
 GCA_001874525.1,Bdellovibrionota+Myxococcota
 GCA_001548275.1,Bdellovibrionota+Myxococcota
 GCA_013376455.1,Bdellovibrionota+Myxococcota
 GCA_000421285.1,Bdellovibrionota+Myxococcota
 GCA_900114975.1,Bdellovibrionota+Myxococcota
 GCA_900104215.1,Bdellovibrionota+Myxococcota
 GCA_900143255.1,Bdellovibrionota+Myxococcota
 GCA_000186885.1,Bdellovibrionota+Myxococcota
 GCA_900114115.1,Bdellovibrionota+Myxococcota
 GCA_001748225.1,Bdellovibrionota+Myxococcota
 GCA_001184205.1,Bdellovibrionota+Myxococcota
 GCA_001311825.1,Bdellovibrionota+Myxococcota
 GCA_900109885.1,Bdellovibrionota+Myxococcota
 GCA_000167355.1,Bdellovibrionota+Myxococcota
 GCA_001642325.1,Bdellovibrionota+Myxococcota
 GCA_008830225.1,Bdellovibrionota+Myxococcota
 GCA_008124615.1,Bdellovibrionota+Myxococcota
 GCA_900104045.1,Bdellovibrionota+Myxococcota
 GCA_009688965.1,Bdellovibrionota+Myxococcota
 GCA_000012885.1,Bdellovibrionota+Myxococcota
 GCA_000341395.1,Bdellovibrionota+Myxococcota
 GCA_000422545.1,Bdellovibrionota+Myxococcota
 GCA_004801255.1,Bdellovibrionota+Myxococcota
 GCA_000179555.1,Bdellovibrionota+Myxococcota
 GCA_000023445.1,Bdellovibrionota+Myxococcota
 GCA_000420485.1,Bdellovibrionota+Myxococcota
 GCA_001854245.1,Bdellovibrionota+Myxococcota
 GCA_000023225.1,Bdellovibrionota+Myxococcota
 GCA_900116045.1,Bdellovibrionota+Myxococcota
 GCA_001553625.1,Bdellovibrionota+Myxococcota
 GCA_000745975.1,Bdellovibrionota+Myxococcota
 GCA_000519265.1,Bdellovibrionota+Myxococcota
 GCA_004135975.1,Bdellovibrionota+Myxococcota
 GCA_011048585.1,Bdellovibrionota+Myxococcota
 GCA_900699765.1,Bdellovibrionota+Myxococcota
 GCA_900143695.1,Bdellovibrionota+Myxococcota
 GCA_000429945.1,Bdellovibrionota+Myxococcota
 GCA_013389365.1,Bdellovibrionota+Myxococcota
 GCA_000373985.1,Bdellovibrionota+Myxococcota
 GCA_000020365.1,Bdellovibrionota+Myxococcota
 GCA_900176365.1,Bdellovibrionota+Myxococcota
 GCA_000429305.1,Bdellovibrionota+Myxococcota
 GCA_013761005.1,Bdellovibrionota+Myxococcota
 GCA_001293685.1,Bdellovibrionota+Myxococcota
 GCA_000519125.1,Bdellovibrionota+Myxococcota
 GCA_000217795.1,Bdellovibrionota+Myxococcota
 GCA_000504305.1,Bdellovibrionota+Myxococcota
 GCA_001687335.1,Bdellovibrionota+Myxococcota
 GCA_011321895.1,Bdellovibrionota+Myxococcota
 GCA_900176285.1,Bdellovibrionota+Myxococcota
 GCA_011927665.1,Bdellovibrionota+Myxococcota
 GCA_000620765.1,Bdellovibrionota+Myxococcota
 GCA_001563225.1,Bdellovibrionota+Myxococcota
 GCA_003851005.1,Bdellovibrionota+Myxococcota
 GCA_000024325.1,Bdellovibrionota+Myxococcota
 GCA_000711735.1,Bdellovibrionota+Myxococcota
 GCA_009688945.1,Bdellovibrionota+Myxococcota
 GCA_000429985.1,Bdellovibrionota+Myxococcota
 GCA_900167125.1,Bdellovibrionota+Myxococcota
 GCA_000702665.1,Bdellovibrionota+Myxococcota
 GCA_000422565.1,Bdellovibrionota+Myxococcota
 GCA_900188225.1,Bdellovibrionota+Myxococcota
 GCA_900167065.1,Bdellovibrionota+Myxococcota
 GCA_000425265.1,Bdellovibrionota+Myxococcota
 GCA_900101105.1,Bdellovibrionota+Myxococcota
 GCA_001652585.1,Bdellovibrionota+Myxococcota
 GCA_900167465.1,Bdellovibrionota+Myxococcota
 GCA_000018405.1,Bdellovibrionota+Myxococcota
 GCA_000817955.1,Bdellovibrionota+Myxococcota
 GCA_009689005.1,Bdellovibrionota+Myxococcota
 GCA_000176915.2,Bdellovibrionota+Myxococcota
 GCA_900130015.1,Bdellovibrionota+Myxococcota
 GCA_000020385.1,Bdellovibrionota+Myxococcota
 GCA_000025945.1,Bdellovibrionota+Myxococcota
 GCA_003751385.1,Bdellovibrionota+Myxococcota
 GCA_000686525.1,Bdellovibrionota+Myxococcota
 GCA_000420085.1,Bdellovibrionota+Myxococcota
 GCA_000621145.1,Bdellovibrionota+Myxococcota
 GCA_001514535.1,Bdellovibrionota+Myxococcota
 GCA_000423845.1,Bdellovibrionota+Myxococcota
 GCA_002482565.1,Bdellovibrionota+Myxococcota
 GCA_000014965.1,Bdellovibrionota+Myxococcota
 GCA_000013405.1,Bdellovibrionota+Myxococcota
 GCA_000179315.1,Bdellovibrionota+Myxococcota
 GCA_000022265.1,Bdellovibrionota+Myxococcota
 GCA_000961725.1,Bdellovibrionota+Myxococcota
 GCA_000827125.1,Bdellovibrionota+Myxococcota
 GCA_900101955.1,Bdellovibrionota+Myxococcota
 GCA_000422285.1,Bdellovibrionota+Myxococcota
 GCA_900104445.1,Bdellovibrionota+Myxococcota
 GCA_014202345.1,Bdellovibrionota+Myxococcota
 GCA_900101345.1,Bdellovibrionota+Myxococcota
 GCA_000350545.1,Bdellovibrionota+Myxococcota
 GCA_000331025.1,Bdellovibrionota+Myxococcota
 GCA_000143965.1,Bdellovibrionota+Myxococcota
 GCA_014218275.1,Bdellovibrionota+Myxococcota
 GCA_000341895.1,Bdellovibrionota+Myxococcota
 GCA_000717475.2,Bdellovibrionota+Myxococcota
 GCA_000307105.1,Bdellovibrionota+Myxococcota
 GCA_000020985.1,Bdellovibrionota+Myxococcota
 GCA_001311985.1,Bdellovibrionota+Myxococcota
 GCA_000020725.1,Bdellovibrionota+Myxococcota
 GCA_000384395.1,Bdellovibrionota+Myxococcota
 GCA_000430005.1,Bdellovibrionota+Myxococcota
 GCA_000428825.1,Bdellovibrionota+Myxococcota
 GCA_000015045.1,Bdellovibrionota+Myxococcota
 GCA_000429965.1,Bdellovibrionota+Myxococcota
 GCA_900142135.1,Bdellovibrionota+Myxococcota
 GCA_000746255.1,Bdellovibrionota+Myxococcota
 GCA_000174435.1,Bdellovibrionota+Myxococcota
 GCA_001278055.1,Bdellovibrionota+Myxococcota
 GCA_000375485.1,Bdellovibrionota+Myxococcota
 GCA_000422245.1,Bdellovibrionota+Myxococcota
 GCA_001303025.1,Bdellovibrionota+Myxococcota
 GCA_001304105.1,Bdellovibrionota+Myxococcota
 GCA_001311565.1,Bdellovibrionota+Myxococcota
 GCA_900129975.1,Bdellovibrionota+Myxococcota
 GCA_001672295.1,Bdellovibrionota+Myxococcota
 GCA_009856865.1,Bdellovibrionota+Myxococcota
 GCA_000934745.1,Bdellovibrionota+Myxococcota
 GCA_003252055.1,Bdellovibrionota+Myxococcota
 GCA_900107645.1,Bdellovibrionota+Myxococcota
 GCA_000421605.1,Bdellovibrionota+Myxococcota
 GCA_000482745.1,Bdellovibrionota+Myxococcota
 GCA_007830435.1,Bdellovibrionota+Myxococcota
 GCA_000931935.2,Bdellovibrionota+Myxococcota
 GCA_000734015.1,Bdellovibrionota+Myxococcota
 GCA_001888165.1,Bdellovibrionota+Myxococcota
 GCA_900111775.1,Bdellovibrionota+Myxococcota
 GCA_000429325.1,Bdellovibrionota+Myxococcota
 GCA_900102485.1,Bdellovibrionota+Myxococcota
 GCA_001311845.1,Bdellovibrionota+Myxococcota
 GCA_007625075.1,Bdellovibrionota+Myxococcota
 GCA_900142125.1,Bdellovibrionota+Myxococcota
 GCA_900217235.1,Bdellovibrionota+Myxococcota
 GCA_000934755.1,Bdellovibrionota+Myxococcota
 GCA_001874525.1,Bdellovibrionota+Myxococcota
 GCA_001548275.1,Bdellovibrionota+Myxococcota
 GCA_013376455.1,Bdellovibrionota+Myxococcota
 GCA_000421285.1,Bdellovibrionota+Myxococcota
 GCA_900114975.1,Bdellovibrionota+Myxococcota
 GCA_900104215.1,Bdellovibrionota+Myxococcota
 GCA_900143255.1,Bdellovibrionota+Myxococcota
 GCA_000186885.1,Bdellovibrionota+Myxococcota
 GCA_900114115.1,Bdellovibrionota+Myxococcota
 GCA_001748225.1,Bdellovibrionota+Myxococcota
 GCA_001184205.1,Bdellovibrionota+Myxococcota
 GCA_001311825.1,Bdellovibrionota+Myxococcota
 GCA_900109885.1,Bdellovibrionota+Myxococcota
 GCA_000167355.1,Bdellovibrionota+Myxococcota
 GCA_001642325.1,Bdellovibrionota+Myxococcota
 GCA_008830225.1,Bdellovibrionota+Myxococcota
 GCA_008124615.1,Bdellovibrionota+Myxococcota
 GCA_900104045.1,Bdellovibrionota+Myxococcota
 GCA_009688965.1,Bdellovibrionota+Myxococcota
 GCA_000012885.1,Bdellovibrionota+Myxococcota
 GCA_000341395.1,Bdellovibrionota+Myxococcota
 GCA_000422545.1,Bdellovibrionota+Myxococcota
 GCA_004801255.1,Bdellovibrionota+Myxococcota
 GCA_000179555.1,Bdellovibrionota+Myxococcota
 GCA_000023445.1,Bdellovibrionota+Myxococcota
 GCA_000420485.1,Bdellovibrionota+Myxococcota
 GCA_001854245.1,Bdellovibrionota+Myxococcota
 GCA_000023225.1,Bdellovibrionota+Myxococcota
 GCA_900116045.1,Bdellovibrionota+Myxococcota
 GCA_001553625.1,Bdellovibrionota+Myxococcota
 GCA_000745975.1,Bdellovibrionota+Myxococcota
 GCA_000519265.1,Bdellovibrionota+Myxococcota
 GCA_004135975.1,Bdellovibrionota+Myxococcota
 GCA_011048585.1,Bdellovibrionota+Myxococcota
 GCA_900699765.1,Bdellovibrionota+Myxococcota
 GCA_900143695.1,Bdellovibrionota+Myxococcota
 GCA_000429945.1,Bdellovibrionota+Myxococcota
 GCA_013389365.1,Bdellovibrionota+Myxococcota
 GCA_000373985.1,Bdellovibrionota+Myxococcota
 GCA_000020365.1,Bdellovibrionota+Myxococcota
 GCA_900176365.1,Bdellovibrionota+Myxococcota
 GCA_000429305.1,Bdellovibrionota+Myxococcota
 GCA_013761005.1,Bdellovibrionota+Myxococcota
 GCA_001293685.1,Bdellovibrionota+Myxococcota
 GCA_000519125.1,Bdellovibrionota+Myxococcota
 GCA_000217795.1,Bdellovibrionota+Myxococcota
 GCA_000504305.1,Bdellovibrionota+Myxococcota
 GCA_001687335.1,Bdellovibrionota+Myxococcota
 GCA_011321895.1,Bdellovibrionota+Myxococcota
 GCA_900176285.1,Bdellovibrionota+Myxococcota
 GCA_011927665.1,Bdellovibrionota+Myxococcota
 GCA_000620765.1,Bdellovibrionota+Myxococcota
 GCA_001563225.1,Bdellovibrionota+Myxococcota
 GCA_003851005.1,Bdellovibrionota+Myxococcota
 GCA_000024325.1,Bdellovibrionota+Myxococcota
 GCA_000711735.1,Bdellovibrionota+Myxococcota
 GCA_009688945.1,Bdellovibrionota+Myxococcota
 GCA_000429985.1,Bdellovibrionota+Myxococcota
 GCA_900167125.1,Bdellovibrionota+Myxococcota
 GCA_000702665.1,Bdellovibrionota+Myxococcota
 GCA_000422565.1,Bdellovibrionota+Myxococcota
 GCA_900188225.1,Bdellovibrionota+Myxococcota
 GCA_900167065.1,Bdellovibrionota+Myxococcota
 GCA_000425265.1,Bdellovibrionota+Myxococcota
 GCA_900101105.1,Bdellovibrionota+Myxococcota
 GCA_001652585.1,Bdellovibrionota+Myxococcota
 GCA_900167465.1,Bdellovibrionota+Myxococcota
 GCA_000018405.1,Bdellovibrionota+Myxococcota
 GCA_000817955.1,Bdellovibrionota+Myxococcota
 GCA_009689005.1,Bdellovibrionota+Myxococcota
 GCA_000176915.2,Bdellovibrionota+Myxococcota
 GCA_900130015.1,Bdellovibrionota+Myxococcota
 GCA_000020385.1,Bdellovibrionota+Myxococcota
 GCA_000025945.1,Bdellovibrionota+Myxococcota
 GCA_003751385.1,Bdellovibrionota+Myxococcota
 GCA_000686525.1,Bdellovibrionota+Myxococcota
 GCA_000420085.1,Bdellovibrionota+Myxococcota
 GCA_000621145.1,Bdellovibrionota+Myxococcota
 GCA_001514535.1,Bdellovibrionota+Myxococcota
 GCA_000423845.1,Bdellovibrionota+Myxococcota
 GCA_002482565.1,Bdellovibrionota+Myxococcota
 GCA_000014965.1,Bdellovibrionota+Myxococcota
 GCA_000013405.1,Bdellovibrionota+Myxococcota
 GCA_000179315.1,Bdellovibrionota+Myxococcota
 GCA_000022265.1,Bdellovibrionota+Myxococcota
 GCA_000961725.1,Bdellovibrionota+Myxococcota
 GCA_000827125.1,Bdellovibrionota+Myxococcota
 GCA_900101955.1,Bdellovibrionota+Myxococcota
 GCA_000422285.1,Bdellovibrionota+Myxococcota
 GCA_900104445.1,Bdellovibrionota+Myxococcota
 GCA_014202345.1,Bdellovibrionota+Myxococcota
 GCA_900101345.1,Bdellovibrionota+Myxococcota
 GCA_000350545.1,Bdellovibrionota+Myxococcota
 GCA_000331025.1,Bdellovibrionota+Myxococcota
 GCA_000143965.1,Bdellovibrionota+Myxococcota
 GCA_014218275.1,Bdellovibrionota+Myxococcota
 GCA_000341895.1,Bdellovibrionota+Myxococcota
 GCA_000717475.2,Bdellovibrionota+Myxococcota
 GCA_000307105.1,Bdellovibrionota+Myxococcota
 GCA_000020985.1,Bdellovibrionota+Myxococcota
 GCA_001311985.1,Bdellovibrionota+Myxococcota
 GCA_000020725.1,Bdellovibrionota+Myxococcota
 GCA_000384395.1,Bdellovibrionota+Myxococcota
 GCA_000430005.1,Bdellovibrionota+Myxococcota
 GCA_000428825.1,Bdellovibrionota+Myxococcota
 GCA_000015045.1,Bdellovibrionota+Myxococcota
 GCA_000429965.1,Bdellovibrionota+Myxococcota
 GCA_900142135.1,Bdellovibrionota+Myxococcota
 GCA_000746255.1,Bdellovibrionota+Myxococcota
 GCA_000174435.1,Bdellovibrionota+Myxococcota
 GCA_001278055.1,Bdellovibrionota+Myxococcota
 GCA_000375485.1,Bdellovibrionota+Myxococcota
 GCA_000422245.1,Bdellovibrionota+Myxococcota
 GCA_001303025.1,Bdellovibrionota+Myxococcota
 GCA_001304105.1,Bdellovibrionota+Myxococcota
 GCA_001311565.1,Bdellovibrionota+Myxococcota
 GCA_900129975.1,Bdellovibrionota+Myxococcota
GCA_000316515.1,Cyanobacteriota+Chloroflexota
 GCA_001180285.1,Cyanobacteriota+Chloroflexota
 GCA_000018105.1,Cyanobacteriota+Chloroflexota
 GCA_002754935.1,Cyanobacteriota+Chloroflexota
 GCA_002075285.3,Cyanobacteriota+Chloroflexota
 GCA_004212215.1,Cyanobacteriota+Chloroflexota
 GCA_900185595.1,Cyanobacteriota+Chloroflexota
 GCA_000317435.1,Cyanobacteriota+Chloroflexota
 GCA_000317535.1,Cyanobacteriota+Chloroflexota
 GCA_000426925.1,Cyanobacteriota+Chloroflexota
 GCA_000196515.1,Cyanobacteriota+Chloroflexota
 GCA_000317695.1,Cyanobacteriota+Chloroflexota
 GCA_000332295.1,Cyanobacteriota+Chloroflexota
 GCA_000340565.3,Cyanobacteriota+Chloroflexota
 GCA_001298445.1,Cyanobacteriota+Chloroflexota
 GCA_000020025.1,Cyanobacteriota+Chloroflexota
 GCA_000582685.1,Cyanobacteriota+Chloroflexota
 GCA_000952155.1,Cyanobacteriota+Chloroflexota
 GCA_000317125.1,Cyanobacteriota+Chloroflexota
 GCA_001890765.1,Cyanobacteriota+Chloroflexota
 GCA_000167195.1,Cyanobacteriota+Chloroflexota
 GCA_000473895.1,Cyanobacteriota+Chloroflexota
 GCA_002412335.2,Cyanobacteriota+Chloroflexota
 GCA_000332155.1,Cyanobacteriota+Chloroflexota
 GCA_000478195.2,Cyanobacteriota+Chloroflexota
 GCA_000317105.1,Cyanobacteriota+Chloroflexota
 GCA_000332315.1,Cyanobacteriota+Chloroflexota
 GCA_013361095.1,Cyanobacteriota+Chloroflexota
 GCA_000484535.1,Cyanobacteriota+Chloroflexota
 GCA_014202505.1,Cyanobacteriota+Chloroflexota
 GCA_003967515.1,Cyanobacteriota+Chloroflexota
 GCA_000178855.1,Cyanobacteriota+Chloroflexota
 GCA_001748285.1,Cyanobacteriota+Chloroflexota
 GCA_900187885.1,Cyanobacteriota+Chloroflexota
 GCA_006569185.1,Cyanobacteriota+Chloroflexota
 GCA_001306135.1,Cyanobacteriota+Chloroflexota
 GCA_000018565.1,Cyanobacteriota+Chloroflexota
 GCA_001650695.1,Cyanobacteriota+Chloroflexota
 GCA_000297255.1,Cyanobacteriota+Chloroflexota
 GCA_000025005.1,Cyanobacteriota+Chloroflexota
 GCA_004362975.1,Cyanobacteriota+Chloroflexota
 GCA_000156575.1,Cyanobacteriota+Chloroflexota
 GCA_000242235.1,Cyanobacteriota+Chloroflexota
 GCA_900107125.1,Cyanobacteriota+Chloroflexota
 GCA_000010185.1,Cyanobacteriota+Chloroflexota
 GCA_900130055.1,Cyanobacteriota+Chloroflexota
 GCA_004339095.1,Cyanobacteriota+Chloroflexota
 GCA_002005145.1,Cyanobacteriota+Chloroflexota
 GCA_900110295.1,Cyanobacteriota+Chloroflexota
 GCA_000160555.1,Cyanobacteriota+Chloroflexota
 GCA_010509575.1,Cyanobacteriota+Chloroflexota
 GCA_901447495.1,Cyanobacteriota+Chloroflexota
 GCA_000439105.1,Cyanobacteriota+Chloroflexota
 GCA_002874775.1,Cyanobacteriota+Chloroflexota
 GCA_002157465.1,Cyanobacteriota+Chloroflexota
 GCA_000426665.1,Cyanobacteriota+Chloroflexota
 GCA_003609635.1,Cyanobacteriota+Chloroflexota
 GCA_004766045.1,Cyanobacteriota+Chloroflexota
 GCA_000174195.1,Cyanobacteriota+Chloroflexota
 GCA_900215725.1,Cyanobacteriota+Chloroflexota
 GCA_002270055.1,Cyanobacteriota+Chloroflexota
 GCA_001404335.1,Cyanobacteriota+Chloroflexota
 GCA_007641255.1,Cyanobacteriota+Chloroflexota
 GCA_001029285.1,Cyanobacteriota+Chloroflexota
 GCA_900187285.1,Cyanobacteriota+Chloroflexota
 GCA_900112895.1,Cyanobacteriota+Chloroflexota
 GCA_002735305.1,Cyanobacteriota+Chloroflexota
 GCA_004340975.1,Cyanobacteriota+Chloroflexota
 GCA_002933875.1,Cyanobacteriota+Chloroflexota
 GCA_000701665.1,Cyanobacteriota+Chloroflexota
 GCA_004794105.1,Cyanobacteriota+Chloroflexota
 GCA_900184265.1,Cyanobacteriota+Chloroflexota
 GCA_008831035.1,Cyanobacteriota+Chloroflexota
 GCA_000426745.1,Cyanobacteriota+Chloroflexota
 GCA_003725335.1,Cyanobacteriota+Chloroflexota
 GCA_000024225.1,Cyanobacteriota+Chloroflexota
 GCA_008124715.1,Cyanobacteriota+Chloroflexota
 GCA_001766835.1,Cyanobacteriota+Chloroflexota
 GCA_900101495.1,Cyanobacteriota+Chloroflexota
 GCA_002607855.1,Cyanobacteriota+Chloroflexota
 GCA_901447155.2,Cyanobacteriota+Chloroflexota
 GCA_900188145.1,Cyanobacteriota+Chloroflexota
 GCA_009295725.1,Cyanobacteriota+Chloroflexota
 GCA_000732725.1,Cyanobacteriota+Chloroflexota
 GCA_002995845.1,Cyanobacteriota+Chloroflexota
 GCA_900113635.1,Cyanobacteriota+Chloroflexota
 GCA_000024265.1,Cyanobacteriota+Chloroflexota
 GCA_003966955.1,Cyanobacteriota+Chloroflexota
 GCA_900105615.1,Cyanobacteriota+Chloroflexota
 GCA_000445445.1,Cyanobacteriota+Chloroflexota
 GCA_002959775.1,Cyanobacteriota+Chloroflexota
 GCA_001552785.1,Cyanobacteriota+Chloroflexota
 GCA_900461105.1,Cyanobacteriota+Chloroflexota
 GCA_900111985.1,Cyanobacteriota+Chloroflexota
 GCA_900103135.1,Cyanobacteriota+Chloroflexota
 GCA_001553115.1,Cyanobacteriota+Chloroflexota
 GCA_004340685.1,Cyanobacteriota+Chloroflexota
 GCA_004339805.1,Cyanobacteriota+Chloroflexota
 GCA_002899695.1,Cyanobacteriota+Chloroflexota
 GCA_005280655.1,Cyanobacteriota+Chloroflexota
 GCA_002995785.1,Cyanobacteriota+Chloroflexota
 GCA_001544015.1,Cyanobacteriota+Chloroflexota
 GCA_000331995.1,Cyanobacteriota+Chloroflexota
 GCA_000620305.1,Cyanobacteriota+Chloroflexota
 GCA_900107815.1,Cyanobacteriota+Chloroflexota
 GCA_000526995.1,Cyanobacteriota+Chloroflexota
 GCA_900112085.1,Cyanobacteriota+Chloroflexota
 GCA_000577815.1,Cyanobacteriota+Chloroflexota
 GCA_001953175.1,Cyanobacteriota+Chloroflexota
 GCA_003991135.1,Cyanobacteriota+Chloroflexota
 GCA_900070325.1,Cyanobacteriota+Chloroflexota
 GCA_000621505.1,Cyanobacteriota+Chloroflexota
 GCA_004143605.1,Cyanobacteriota+Chloroflexota
 GCA_001592105.1,Cyanobacteriota+Chloroflexota
 GCA_004345005.1,Cyanobacteriota+Chloroflexota
 GCA_001494635.1,Cyanobacteriota+Chloroflexota
 GCA_900461125.1,Cyanobacteriota+Chloroflexota
 GCA_000312365.2,Cyanobacteriota+Chloroflexota
 GCA_004342165.1,Cyanobacteriota+Chloroflexota
 GCA_002008345.1,Cyanobacteriota+Chloroflexota
 GCA_009877435.1,Cyanobacteriota+Chloroflexota
 GCA_009877425.1,Cyanobacteriota+Chloroflexota
 GCA_002029235.1,Cyanobacteriota+Chloroflexota
 GCA_900111615.1,Cyanobacteriota+Chloroflexota
 GCA_900167605.1,Cyanobacteriota+Chloroflexota
 GCA_001513185.1,Cyanobacteriota+Chloroflexota
 GCA_001512835.1,Cyanobacteriota+Chloroflexota
 GCA_001513145.1,Cyanobacteriota+Chloroflexota
 GCA_001513125.1,Cyanobacteriota+Chloroflexota
 GCA_001512545.1,Cyanobacteriota+Chloroflexota
 GCA_001512905.1,Cyanobacteriota+Chloroflexota
 GCA_001512555.1,Cyanobacteriota+Chloroflexota
 GCA_001512505.1,Cyanobacteriota+Chloroflexota
 GCA_001512945.1,Cyanobacteriota+Chloroflexota
 GCA_001512625.1,Cyanobacteriota+Chloroflexota
 GCA_001512745.1,Cyanobacteriota+Chloroflexota
 GCA_001512765.1,Cyanobacteriota+Chloroflexota
 GCA_001512485.1,Cyanobacteriota+Chloroflexota
 GCA_001513105.1,Cyanobacteriota+Chloroflexota
 GCA_001512685.1,Cyanobacteriota+Chloroflexota
 GCA_001512665.1,Cyanobacteriota+Chloroflexota
 GCA_001513075.1,Cyanobacteriota+Chloroflexota
 GCA_900100845.1,Cyanobacteriota+Chloroflexota
 GCA_000733755.1,Cyanobacteriota+Chloroflexota
 GCA_000255115.3,Cyanobacteriota+Chloroflexota
 GCA_009696675.1,Cyanobacteriota+Chloroflexota
 GCA_000195315.1,Cyanobacteriota+Chloroflexota
 GCA_000166415.1,Cyanobacteriota+Chloroflexota
 GCA_000247605.1,Cyanobacteriota+Chloroflexota
 GCA_900176115.1,Cyanobacteriota+Chloroflexota
 GCA_900112155.1,Cyanobacteriota+Chloroflexota
 GCA_003340345.1,Cyanobacteriota+Chloroflexota
 GCA_003609645.1,Cyanobacteriota+Chloroflexota
 GCA_002207765.1,Cyanobacteriota+Chloroflexota
 GCA_900111235.1,Cyanobacteriota+Chloroflexota
 GCA_001047375.1,Cyanobacteriota+Chloroflexota
 GCA_000145275.1,Cyanobacteriota+Chloroflexota
 GCA_901482605.1,Cyanobacteriota+Chloroflexota
 GCA_001854185.1,Cyanobacteriota+Chloroflexota
 GCA_001190785.1,Cyanobacteriota+Chloroflexota
 GCA_000196455.1,Cyanobacteriota+Chloroflexota
 GCA_000022065.1,Cyanobacteriota+Chloroflexota
 GCA_900101295.1,Cyanobacteriota+Chloroflexota
 GCA_900115365.1,Cyanobacteriota+Chloroflexota
 GCA_001636845.1,Cyanobacteriota+Chloroflexota
 GCA_900129365.1,Cyanobacteriota+Chloroflexota
 GCA_014333445.1,Cyanobacteriota+Chloroflexota
 GCA_003614235.1,Cyanobacteriota+Chloroflexota
 GCA_000968375.1,Cyanobacteriota+Chloroflexota
 GCA_000383295.1,Cyanobacteriota+Chloroflexota
 GCA_000299355.1,Cyanobacteriota+Chloroflexota
 GCA_000235605.1,Cyanobacteriota+Chloroflexota
 GCA_000215085.1,Cyanobacteriota+Chloroflexota
 GCA_000189755.3,Cyanobacteriota+Chloroflexota
 GCA_900129285.1,Cyanobacteriota+Chloroflexota
 GCA_000597865.1,Cyanobacteriota+Chloroflexota
 GCA_900104415.1,Cyanobacteriota+Chloroflexota
 GCA_900205925.1,Cyanobacteriota+Chloroflexota
 GCA_900176335.1,Cyanobacteriota+Chloroflexota
 GCA_000174415.1,Cyanobacteriota+Chloroflexota
 GCA_900129935.1,Cyanobacteriota+Chloroflexota
 GCA_900142955.1,Cyanobacteriota+Chloroflexota
 GCA_000763575.1,Cyanobacteriota+Chloroflexota
 GCA_000165465.1,Cyanobacteriota+Chloroflexota
 GCA_000219125.2,Cyanobacteriota+Chloroflexota
 GCA_000307225.1,Cyanobacteriota+Chloroflexota
 GCA_900101835.1,Cyanobacteriota+Chloroflexota
 GCA_000488855.1,Cyanobacteriota+Chloroflexota
 GCA_000510425.1,Cyanobacteriota+Chloroflexota
 GCA_901212655.1,Cyanobacteriota+Chloroflexota
 GCA_004341395.1,Cyanobacteriota+Chloroflexota
 GCA_000019165.1,Cyanobacteriota+Chloroflexota
 GCA_000179595.2,Cyanobacteriota+Chloroflexota
 GCA_000018325.1,Cyanobacteriota+Chloroflexota
 GCA_003208175.1,Cyanobacteriota+Chloroflexota
 GCA_000376385.1,Cyanobacteriota+Chloroflexota
 GCA_000430885.1,Cyanobacteriota+Chloroflexota
 GCA_000243135.3,Cyanobacteriota+Chloroflexota
 GCA_000233715.3,Cyanobacteriota+Chloroflexota
 GCA_000160695.1,Cyanobacteriota+Chloroflexota
 GCA_000234095.1,Cyanobacteriota+Chloroflexota
 GCA_000687555.1,Cyanobacteriota+Chloroflexota
 GCA_900142095.1,Cyanobacteriota+Chloroflexota
 GCA_002006355.1,Cyanobacteriota+Chloroflexota
 GCA_900167445.1,Cyanobacteriota+Chloroflexota
 GCA_001571775.1,Cyanobacteriota+Chloroflexota
 GCA_001317355.1,Cyanobacteriota+Chloroflexota
 GCA_001693735.1,Cyanobacteriota+Chloroflexota
 GCA_000208405.1,Cyanobacteriota+Chloroflexota
 GCA_900142005.1,Cyanobacteriota+Chloroflexota
 GCA_000577895.1,Cyanobacteriota+Chloroflexota
 GCA_900115135.1,Cyanobacteriota+Chloroflexota
 GCA_900112775.1,Cyanobacteriota+Chloroflexota
 GCA_001513365.1,Cyanobacteriota+Chloroflexota
 GCA_001513385.1,Cyanobacteriota+Chloroflexota
 GCA_001513335.1,Cyanobacteriota+Chloroflexota
 GCA_001513495.1,Cyanobacteriota+Chloroflexota
 GCA_001513505.1,Cyanobacteriota+Chloroflexota
 GCA_001513425.1,Cyanobacteriota+Chloroflexota
 GCA_001513395.1,Cyanobacteriota+Chloroflexota
 GCA_001513545.1,Cyanobacteriota+Chloroflexota
 GCA_000019085.1,Cyanobacteriota+Chloroflexota
 GCA_001466665.1,Cyanobacteriota+Chloroflexota
 GCA_000428745.1,Cyanobacteriota+Chloroflexota
 GCA_900460315.1,Cyanobacteriota+Chloroflexota
 GCA_003992115.1,Cyanobacteriota+Chloroflexota
 GCA_001950325.1,Cyanobacteriota+Chloroflexota
 GCA_002216005.1,Cyanobacteriota+Chloroflexota
 GCA_011375465.1,Cyanobacteriota+Chloroflexota
 GCA_900115975.1,Cyanobacteriota+Chloroflexota
 GCA_004524775.1,Cyanobacteriota+Chloroflexota
 GCA_900128885.1,Cyanobacteriota+Chloroflexota
 GCA_001855385.1,Cyanobacteriota+Chloroflexota
 GCA_000483125.1,Cyanobacteriota+Chloroflexota
 GCA_900167115.1,Cyanobacteriota+Chloroflexota
 GCA_000518685.1,Cyanobacteriota+Chloroflexota
 GCA_900167215.1,Cyanobacteriota+Chloroflexota
 GCA_001458595.1,Cyanobacteriota+Chloroflexota
 GCA_900129925.1,Cyanobacteriota+Chloroflexota
 GCA_900637515.1,Cyanobacteriota+Chloroflexota
 GCA_000421725.1,Cyanobacteriota+Chloroflexota
 GCA_000711975.1,Cyanobacteriota+Chloroflexota
 GCA_900142075.1,Cyanobacteriota+Chloroflexota
 GCA_003725995.1,Cyanobacteriota+Chloroflexota
 GCA_002998295.1,Cyanobacteriota+Chloroflexota
 GCA_000468755.1,Cyanobacteriota+Chloroflexota
 GCA_000946815.1,Cyanobacteriota+Chloroflexota
 GCA_900101355.1,Cyanobacteriota+Chloroflexota
 GCA_900129965.1,Cyanobacteriota+Chloroflexota
 GCA_014202695.1,Cyanobacteriota+Chloroflexota
 GCA_000169255.2,Cyanobacteriota+Chloroflexota
 GCA_900129195.1,Cyanobacteriota+Chloroflexota
 GCA_900106765.1,Cyanobacteriota+Chloroflexota
 GCA_000328625.1,Cyanobacteriota+Chloroflexota
 GCA_900111575.1,Cyanobacteriota+Chloroflexota
 GCA_005046945.1,Cyanobacteriota+Chloroflexota
 GCA_014201835.1,Cyanobacteriota+Chloroflexota
 GCA_900115735.1,Cyanobacteriota+Chloroflexota
 GCA_003433295.1,Cyanobacteriota+Chloroflexota
 GCA_001758365.1,Cyanobacteriota+Chloroflexota
 GCA_000426305.1,Cyanobacteriota+Chloroflexota
 GCA_000983115.1,Cyanobacteriota+Chloroflexota
 GCA_000160035.2,Cyanobacteriota+Chloroflexota
 GCA_000016545.1,Cyanobacteriota+Chloroflexota
 GCA_000427425.1,Cyanobacteriota+Chloroflexota
 GCA_000016985.1,Cyanobacteriota+Chloroflexota
 GCA_900167185.1,Cyanobacteriota+Chloroflexota
 GCA_000231405.3,Cyanobacteriota+Chloroflexota
 GCA_900130065.1,Cyanobacteriota+Chloroflexota
 GCA_000244895.1,Cyanobacteriota+Chloroflexota
 GCA_900143645.1,Cyanobacteriota+Chloroflexota
 GCA_000163895.2,Cyanobacteriota+Chloroflexota
 GCA_004346095.1,Cyanobacteriota+Chloroflexota
 GCA_001189495.1,Cyanobacteriota+Chloroflexota
 GCA_900141835.1,Cyanobacteriota+Chloroflexota
 GCA_000384135.1,Cyanobacteriota+Chloroflexota
 GCA_001730685.1,Cyanobacteriota+Chloroflexota
 GCA_000511955.1,Cyanobacteriota+Chloroflexota
 GCA_900100785.1,Cyanobacteriota+Chloroflexota
 GCA_004369205.1,Cyanobacteriota+Chloroflexota
 GCA_900103425.1,Cyanobacteriota+Chloroflexota
 GCA_900113335.1,Cyanobacteriota+Chloroflexota
 GCA_000147695.3,Cyanobacteriota+Chloroflexota
 GCA_900096945.1,Cyanobacteriota+Chloroflexota
 GCA_000231385.3,Cyanobacteriota+Chloroflexota
 GCA_003096635.1,Cyanobacteriota+Chloroflexota
 GCA_000147675.2,Cyanobacteriota+Chloroflexota
 GCA_004340125.1,Cyanobacteriota+Chloroflexota
 GCA_001643775.1,Cyanobacteriota+Chloroflexota
 GCA_000160115.1,Cyanobacteriota+Chloroflexota
 GCA_001940565.1,Cyanobacteriota+Chloroflexota
 GCA_000194985.1,Cyanobacteriota+Chloroflexota
 GCA_000620945.1,Cyanobacteriota+Chloroflexota
 GCA_900101845.1,Cyanobacteriota+Chloroflexota
 GCA_900176355.1,Cyanobacteriota+Chloroflexota
 GCA_900110485.1,Cyanobacteriota+Chloroflexota
 GCA_009696605.1,Cyanobacteriota+Chloroflexota
 GCA_009905255.1,Cyanobacteriota+Chloroflexota
 GCA_003201875.1,Cyanobacteriota+Chloroflexota
 GCA_001941975.1,Cyanobacteriota+Chloroflexota
 GCA_000185505.1,Cyanobacteriota+Chloroflexota
 GCA_004364155.1,Cyanobacteriota+Chloroflexota
 GCA_003054495.1,Cyanobacteriota+Chloroflexota
 GCA_000020005.1,Cyanobacteriota+Chloroflexota
 GCA_002051585.1,Cyanobacteriota+Chloroflexota
 GCA_000620125.1,Cyanobacteriota+Chloroflexota
 GCA_900104455.1,Cyanobacteriota+Chloroflexota
 GCA_000374545.1,Cyanobacteriota+Chloroflexota
 GCA_003814745.1,Cyanobacteriota+Chloroflexota
 GCA_002998925.1,Cyanobacteriota+Chloroflexota
 GCA_000146345.1,Cyanobacteriota+Chloroflexota
 GCA_000621485.1,Cyanobacteriota+Chloroflexota
 GCA_900142165.1,Cyanobacteriota+Chloroflexota
 GCA_000875945.1,Cyanobacteriota+Chloroflexota
 GCA_000472665.1,Cyanobacteriota+Chloroflexota
 GCA_000350485.1,Cyanobacteriota+Chloroflexota
 GCA_000175795.2,Cyanobacteriota+Chloroflexota
 GCA_000213975.1,Cyanobacteriota+Chloroflexota
 GCA_002995795.1,Cyanobacteriota+Chloroflexota
 GCA_000423525.1,Cyanobacteriota+Chloroflexota
 GCA_900141895.1,Cyanobacteriota+Chloroflexota
 GCA_902381825.1,Cyanobacteriota+Chloroflexota
 GCA_003368535.1,Cyanobacteriota+Chloroflexota
 GCA_900176035.1,Cyanobacteriota+Chloroflexota
 GCA_000513555.1,Cyanobacteriota+Chloroflexota
 GCA_001950255.1,Cyanobacteriota+Chloroflexota
 GCA_900129915.1,Cyanobacteriota+Chloroflexota
 GCA_000307265.1,Cyanobacteriota+Chloroflexota
 GCA_009932395.1,Cyanobacteriota+Chloroflexota
 GCA_000190635.1,Cyanobacteriota+Chloroflexota
 GCA_001042715.1,Cyanobacteriota+Chloroflexota
 GCA_001405015.1,Cyanobacteriota+Chloroflexota
 GCA_002896855.1,Cyanobacteriota+Chloroflexota
 GCA_900109225.1,Cyanobacteriota+Chloroflexota
 GCA_003752155.1,Cyanobacteriota+Chloroflexota
 GCA_900142275.1,Cyanobacteriota+Chloroflexota
 GCA_000023845.1,Cyanobacteriota+Chloroflexota
 GCA_900102435.1,Cyanobacteriota+Chloroflexota
 GCA_900143285.1,Cyanobacteriota+Chloroflexota
 GCA_002285495.1,Cyanobacteriota+Chloroflexota
 GCA_003992125.1,Cyanobacteriota+Chloroflexota
 GCA_000517025.1,Cyanobacteriota+Chloroflexota
 GCA_001263415.1,Cyanobacteriota+Chloroflexota
 GCA_003337415.1,Cyanobacteriota+Chloroflexota
 GCA_900114615.1,Cyanobacteriota+Chloroflexota
 GCA_004154955.1,Cyanobacteriota+Chloroflexota
 GCA_014284475.1,Cyanobacteriota+Chloroflexota
 GCA_008086595.1,Cyanobacteriota+Chloroflexota
 GCA_002995745.1,Cyanobacteriota+Chloroflexota
 GCA_000455225.1,Cyanobacteriota+Chloroflexota
 GCA_002838815.1,Cyanobacteriota+Chloroflexota
 GCA_001675165.1,Cyanobacteriota+Chloroflexota
 GCA_900129265.1,Cyanobacteriota+Chloroflexota
 GCA_900142375.1,Cyanobacteriota+Chloroflexota
 GCA_000430995.1,Cyanobacteriota+Chloroflexota
 GCA_000166355.1,Cyanobacteriota+Chloroflexota
 GCA_000166775.1,Cyanobacteriota+Chloroflexota
 GCA_900142645.1,Cyanobacteriota+Chloroflexota
 GCA_000312505.3,Cyanobacteriota+Chloroflexota
 GCA_002243385.1,Cyanobacteriota+Chloroflexota
 GCA_003023745.1,Cyanobacteriota+Chloroflexota
 GCA_900142025.1,Cyanobacteriota+Chloroflexota
 GCA_000429345.1,Cyanobacteriota+Chloroflexota
 GCA_010906925.1,Cyanobacteriota+Chloroflexota
 GCA_900454685.1,Cyanobacteriota+Chloroflexota
 GCA_900638585.1,Cyanobacteriota+Chloroflexota
 GCA_900112485.1,Cyanobacteriota+Chloroflexota
 GCA_900103535.1,Cyanobacteriota+Chloroflexota
 GCA_004341685.1,Cyanobacteriota+Chloroflexota
 GCA_000381065.1,Cyanobacteriota+Chloroflexota
 GCA_900129805.1,Cyanobacteriota+Chloroflexota
 GCA_002995805.1,Cyanobacteriota+Chloroflexota
 GCA_002995755.1,Cyanobacteriota+Chloroflexota
 GCA_900129115.1,Cyanobacteriota+Chloroflexota
 GCA_900142995.1,Cyanobacteriota+Chloroflexota
 GCA_900107485.1,Cyanobacteriota+Chloroflexota
 GCA_001512915.1,Cyanobacteriota+Chloroflexota
 GCA_001513045.1,Cyanobacteriota+Chloroflexota
 GCA_900141845.1,Cyanobacteriota+Chloroflexota
 GCA_000686705.1,Cyanobacteriota+Chloroflexota
 GCA_002257705.1,Cyanobacteriota+Chloroflexota
 GCA_900129225.1,Cyanobacteriota+Chloroflexota
 GCA_000312025.1,Cyanobacteriota+Chloroflexota
 GCA_000283575.1,Cyanobacteriota+Chloroflexota
 GCA_000165735.1,Cyanobacteriota+Chloroflexota
 GCA_000732635.1,Cyanobacteriota+Chloroflexota
 GCA_000213255.1,Cyanobacteriota+Chloroflexota
 GCA_008151785.1,Cyanobacteriota+Chloroflexota
 GCA_000246895.2,Cyanobacteriota+Chloroflexota
 GCA_000297115.1,Cyanobacteriota+Chloroflexota
 GCA_001006285.1,Cyanobacteriota+Chloroflexota
 GCA_000521465.1,Cyanobacteriota+Chloroflexota
 GCA_900450455.1,Cyanobacteriota+Chloroflexota
 GCA_900156285.1,Cyanobacteriota+Chloroflexota
 GCA_000308255.3,Cyanobacteriota+Chloroflexota
 GCA_001440545.1,Cyanobacteriota+Chloroflexota
 GCA_000961585.1,Cyanobacteriota+Chloroflexota
 GCA_000961805.1,Cyanobacteriota+Chloroflexota
 GCA_000961765.1,Cyanobacteriota+Chloroflexota
 GCA_000961575.1,Cyanobacteriota+Chloroflexota
 GCA_000961595.1,Cyanobacteriota+Chloroflexota
 GCA_000814825.1,Cyanobacteriota+Chloroflexota
 GCA_002934545.1,Cyanobacteriota+Chloroflexota
 GCA_900167555.1,Cyanobacteriota+Chloroflexota
 GCA_000619945.1,Cyanobacteriota+Chloroflexota
 GCA_000802095.1,Cyanobacteriota+Chloroflexota
 GCA_000802045.1,Cyanobacteriota+Chloroflexota
 GCA_008124625.1,Cyanobacteriota+Chloroflexota
 GCA_000024205.1,Cyanobacteriota+Chloroflexota
 GCA_000239275.1,Cyanobacteriota+Chloroflexota
 GCA_001611555.1,Cyanobacteriota+Chloroflexota
 GCA_008125075.1,Cyanobacteriota+Chloroflexota
 GCA_000686725.1,Cyanobacteriota+Chloroflexota
 GCA_900176305.1,Cyanobacteriota+Chloroflexota
 GCA_000387765.1,Cyanobacteriota+Chloroflexota
 GCA_003725295.1,Cyanobacteriota+Chloroflexota
 GCA_003201285.1,Cyanobacteriota+Chloroflexota
 GCA_900142105.1,Cyanobacteriota+Chloroflexota
 GCA_000016165.1,Cyanobacteriota+Chloroflexota
 GCA_004346165.1,Cyanobacteriota+Chloroflexota
 GCA_900142245.1,Cyanobacteriota+Chloroflexota
 GCA_001594005.1,Cyanobacteriota+Chloroflexota
 GCA_003815015.1,Cyanobacteriota+Chloroflexota
 GCA_001461035.1,Cyanobacteriota+Chloroflexota
 GCA_900167205.1,Cyanobacteriota+Chloroflexota
 GCA_900103815.1,Cyanobacteriota+Chloroflexota
 GCA_009720735.1,Cyanobacteriota+Chloroflexota
 GCA_000144695.1,Cyanobacteriota+Chloroflexota
 GCA_900107405.1,Cyanobacteriota+Chloroflexota
 GCA_003992065.1,Cyanobacteriota+Chloroflexota
 GCA_001485475.2,Cyanobacteriota+Chloroflexota
 GCA_000143165.1,Cyanobacteriota+Chloroflexota
 GCA_009649955.1,Cyanobacteriota+Chloroflexota
 GCA_000747665.1,Cyanobacteriota+Chloroflexota
 GCA_004369225.1,Cyanobacteriota+Chloroflexota
 GCA_900103835.1,Cyanobacteriota+Chloroflexota
 GCA_001562415.1,Cyanobacteriota+Chloroflexota
 GCA_001562425.1,Cyanobacteriota+Chloroflexota
 GCA_001601575.1,Cyanobacteriota+Chloroflexota
 GCA_000621585.1,Cyanobacteriota+Chloroflexota
 GCA_000189775.3,Cyanobacteriota+Chloroflexota
 GCA_900104115.1,Cyanobacteriota+Chloroflexota
 GCA_000953215.1,Cyanobacteriota+Chloroflexota
 GCA_900108045.1,Cyanobacteriota+Chloroflexota
 GCA_002029295.1,Cyanobacteriota+Chloroflexota
 GCA_001584565.1,Cyanobacteriota+Chloroflexota
 GCA_003862485.1,Cyanobacteriota+Chloroflexota
 GCA_900130005.1,Cyanobacteriota+Chloroflexota
 GCA_900129815.1,Cyanobacteriota+Chloroflexota
 GCA_000178835.2,Cyanobacteriota+Chloroflexota
 GCA_900111595.1,Cyanobacteriota+Chloroflexota
 GCA_002006345.1,Cyanobacteriota+Chloroflexota
 GCA_900142225.1,Cyanobacteriota+Chloroflexota
 GCA_009428905.1,Cyanobacteriota+Chloroflexota
 GCA_000145215.1,Cyanobacteriota+Chloroflexota
 GCA_003966895.1,Cyanobacteriota+Chloroflexota
 GCA_900114545.1,Cyanobacteriota+Chloroflexota
 GCA_900142215.1,Cyanobacteriota+Chloroflexota
 GCA_000144645.1,Cyanobacteriota+Chloroflexota
 GCA_900176005.1,Cyanobacteriota+Chloroflexota
 GCA_900129075.1,Cyanobacteriota+Chloroflexota
 GCA_900142145.1,Cyanobacteriota+Chloroflexota
 GCA_001515955.1,Cyanobacteriota+Chloroflexota
 GCA_900142235.1,Cyanobacteriota+Chloroflexota
 GCA_000311985.1,Cyanobacteriota+Chloroflexota
 GCA_014207605.1,Cyanobacteriota+Chloroflexota
 GCA_000012865.1,Cyanobacteriota+Chloroflexota
 GCA_000364225.1,Cyanobacteriota+Chloroflexota
 GCA_001466305.1,Cyanobacteriota+Chloroflexota
 GCA_000020485.1,Cyanobacteriota+Chloroflexota
 GCA_001311925.1,Cyanobacteriota+Chloroflexota
 GCA_001303545.1,Cyanobacteriota+Chloroflexota
 GCA_000169155.1,Cyanobacteriota+Chloroflexota
 GCA_007830175.1,Cyanobacteriota+Chloroflexota
 GCA_000495435.3,Cyanobacteriota+Chloroflexota
 GCA_900103005.1,Cyanobacteriota+Chloroflexota
 GCA_003865095.1,Cyanobacteriota+Chloroflexota
 GCA_000601455.1,Cyanobacteriota+Chloroflexota
 GCA_004362975.1,Cyanobacteriota+Chloroflexota
 GCA_000156575.1,Cyanobacteriota+Chloroflexota
 GCA_000242235.1,Cyanobacteriota+Chloroflexota
 GCA_900107125.1,Cyanobacteriota+Chloroflexota
 GCA_000010185.1,Cyanobacteriota+Chloroflexota
 GCA_900130055.1,Cyanobacteriota+Chloroflexota
 GCA_004339095.1,Cyanobacteriota+Chloroflexota
 GCA_002005145.1,Cyanobacteriota+Chloroflexota
 GCA_900110295.1,Cyanobacteriota+Chloroflexota
 GCA_000160555.1,Cyanobacteriota+Chloroflexota
 GCA_010509575.1,Cyanobacteriota+Chloroflexota
 GCA_901447495.1,Cyanobacteriota+Chloroflexota
 GCA_000439105.1,Cyanobacteriota+Chloroflexota
 GCA_002874775.1,Cyanobacteriota+Chloroflexota
 GCA_002157465.1,Cyanobacteriota+Chloroflexota
 GCA_000426665.1,Cyanobacteriota+Chloroflexota
 GCA_003609635.1,Cyanobacteriota+Chloroflexota
 GCA_004766045.1,Cyanobacteriota+Chloroflexota
 GCA_000174195.1,Cyanobacteriota+Chloroflexota
 GCA_900215725.1,Cyanobacteriota+Chloroflexota
 GCA_002270055.1,Cyanobacteriota+Chloroflexota
 GCA_001404335.1,Cyanobacteriota+Chloroflexota
 GCA_007641255.1,Cyanobacteriota+Chloroflexota
 GCA_001029285.1,Cyanobacteriota+Chloroflexota
 GCA_900187285.1,Cyanobacteriota+Chloroflexota
 GCA_900112895.1,Cyanobacteriota+Chloroflexota
 GCA_002735305.1,Cyanobacteriota+Chloroflexota
 GCA_004340975.1,Cyanobacteriota+Chloroflexota
 GCA_002933875.1,Cyanobacteriota+Chloroflexota
 GCA_000701665.1,Cyanobacteriota+Chloroflexota
 GCA_004794105.1,Cyanobacteriota+Chloroflexota
 GCA_000426745.1,Cyanobacteriota+Chloroflexota
 GCA_008124715.1,Cyanobacteriota+Chloroflexota
 GCA_001766835.1,Cyanobacteriota+Chloroflexota
 GCA_900101495.1,Cyanobacteriota+Chloroflexota
 GCA_002607855.1,Cyanobacteriota+Chloroflexota
 GCA_901447155.2,Cyanobacteriota+Chloroflexota
 GCA_900188145.1,Cyanobacteriota+Chloroflexota
 GCA_009295725.1,Cyanobacteriota+Chloroflexota
 GCA_000732725.1,Cyanobacteriota+Chloroflexota
 GCA_002995845.1,Cyanobacteriota+Chloroflexota
 GCA_900113635.1,Cyanobacteriota+Chloroflexota
 GCA_900105615.1,Cyanobacteriota+Chloroflexota
 GCA_000445445.1,Cyanobacteriota+Chloroflexota
 GCA_002959775.1,Cyanobacteriota+Chloroflexota
 GCA_900461105.1,Cyanobacteriota+Chloroflexota
 GCA_900111985.1,Cyanobacteriota+Chloroflexota
 GCA_900103135.1,Cyanobacteriota+Chloroflexota
 GCA_001553115.1,Cyanobacteriota+Chloroflexota
 GCA_004340685.1,Cyanobacteriota+Chloroflexota
 GCA_004339805.1,Cyanobacteriota+Chloroflexota
 GCA_005280655.1,Cyanobacteriota+Chloroflexota
 GCA_002995785.1,Cyanobacteriota+Chloroflexota
 GCA_001544015.1,Cyanobacteriota+Chloroflexota
 GCA_000331995.1,Cyanobacteriota+Chloroflexota
 GCA_000620305.1,Cyanobacteriota+Chloroflexota
 GCA_900107815.1,Cyanobacteriota+Chloroflexota
 GCA_000526995.1,Cyanobacteriota+Chloroflexota
 GCA_900112085.1,Cyanobacteriota+Chloroflexota
 GCA_000577815.1,Cyanobacteriota+Chloroflexota
 GCA_003991135.1,Cyanobacteriota+Chloroflexota
 GCA_900070325.1,Cyanobacteriota+Chloroflexota
 GCA_000621505.1,Cyanobacteriota+Chloroflexota
 GCA_004143605.1,Cyanobacteriota+Chloroflexota
 GCA_001592105.1,Cyanobacteriota+Chloroflexota
 GCA_004345005.1,Cyanobacteriota+Chloroflexota
 GCA_900461125.1,Cyanobacteriota+Chloroflexota
 GCA_000312365.2,Cyanobacteriota+Chloroflexota
 GCA_004342165.1,Cyanobacteriota+Chloroflexota
 GCA_002008345.1,Cyanobacteriota+Chloroflexota
 GCA_009877435.1,Cyanobacteriota+Chloroflexota
 GCA_009877425.1,Cyanobacteriota+Chloroflexota
 GCA_002029235.1,Cyanobacteriota+Chloroflexota
 GCA_900111615.1,Cyanobacteriota+Chloroflexota
 GCA_900167605.1,Cyanobacteriota+Chloroflexota
 GCA_001513185.1,Cyanobacteriota+Chloroflexota
 GCA_001512835.1,Cyanobacteriota+Chloroflexota
 GCA_001513145.1,Cyanobacteriota+Chloroflexota
 GCA_001513125.1,Cyanobacteriota+Chloroflexota
 GCA_001512545.1,Cyanobacteriota+Chloroflexota
 GCA_001512905.1,Cyanobacteriota+Chloroflexota
 GCA_001512555.1,Cyanobacteriota+Chloroflexota
 GCA_001512505.1,Cyanobacteriota+Chloroflexota
 GCA_001512945.1,Cyanobacteriota+Chloroflexota
 GCA_001512625.1,Cyanobacteriota+Chloroflexota
 GCA_001512745.1,Cyanobacteriota+Chloroflexota
 GCA_001512765.1,Cyanobacteriota+Chloroflexota
 GCA_001512485.1,Cyanobacteriota+Chloroflexota
 GCA_001513105.1,Cyanobacteriota+Chloroflexota
 GCA_001512685.1,Cyanobacteriota+Chloroflexota
 GCA_001512665.1,Cyanobacteriota+Chloroflexota
 GCA_001513075.1,Cyanobacteriota+Chloroflexota
 GCA_900100845.1,Cyanobacteriota+Chloroflexota
 GCA_000733755.1,Cyanobacteriota+Chloroflexota
 GCA_000255115.3,Cyanobacteriota+Chloroflexota
 GCA_009696675.1,Cyanobacteriota+Chloroflexota
 GCA_000166415.1,Cyanobacteriota+Chloroflexota
 GCA_000247605.1,Cyanobacteriota+Chloroflexota
 GCA_900176115.1,Cyanobacteriota+Chloroflexota
 GCA_900112155.1,Cyanobacteriota+Chloroflexota
 GCA_003609645.1,Cyanobacteriota+Chloroflexota
 GCA_002207765.1,Cyanobacteriota+Chloroflexota
 GCA_900111235.1,Cyanobacteriota+Chloroflexota
 GCA_001047375.1,Cyanobacteriota+Chloroflexota
 GCA_000145275.1,Cyanobacteriota+Chloroflexota
 GCA_901482605.1,Cyanobacteriota+Chloroflexota
 GCA_001854185.1,Cyanobacteriota+Chloroflexota
 GCA_001190785.1,Cyanobacteriota+Chloroflexota
 GCA_000196455.1,Cyanobacteriota+Chloroflexota
 GCA_000022065.1,Cyanobacteriota+Chloroflexota
 GCA_900101295.1,Cyanobacteriota+Chloroflexota
 GCA_900115365.1,Cyanobacteriota+Chloroflexota
 GCA_001636845.1,Cyanobacteriota+Chloroflexota
 GCA_900129365.1,Cyanobacteriota+Chloroflexota
 GCA_014333445.1,Cyanobacteriota+Chloroflexota
 GCA_003614235.1,Cyanobacteriota+Chloroflexota
 GCA_000968375.1,Cyanobacteriota+Chloroflexota
 GCA_000383295.1,Cyanobacteriota+Chloroflexota
 GCA_000299355.1,Cyanobacteriota+Chloroflexota
 GCA_000235605.1,Cyanobacteriota+Chloroflexota
 GCA_000215085.1,Cyanobacteriota+Chloroflexota
 GCA_000189755.3,Cyanobacteriota+Chloroflexota
 GCA_900129285.1,Cyanobacteriota+Chloroflexota
 GCA_000597865.1,Cyanobacteriota+Chloroflexota
 GCA_900104415.1,Cyanobacteriota+Chloroflexota
 GCA_900205925.1,Cyanobacteriota+Chloroflexota
 GCA_900176335.1,Cyanobacteriota+Chloroflexota
 GCA_000174415.1,Cyanobacteriota+Chloroflexota
 GCA_900129935.1,Cyanobacteriota+Chloroflexota
 GCA_900142955.1,Cyanobacteriota+Chloroflexota
 GCA_000763575.1,Cyanobacteriota+Chloroflexota
 GCA_000165465.1,Cyanobacteriota+Chloroflexota
 GCA_000219125.2,Cyanobacteriota+Chloroflexota
 GCA_000307225.1,Cyanobacteriota+Chloroflexota
 GCA_900101835.1,Cyanobacteriota+Chloroflexota
 GCA_000488855.1,Cyanobacteriota+Chloroflexota
 GCA_000510425.1,Cyanobacteriota+Chloroflexota
 GCA_004341395.1,Cyanobacteriota+Chloroflexota
 GCA_000019165.1,Cyanobacteriota+Chloroflexota
 GCA_000179595.2,Cyanobacteriota+Chloroflexota
 GCA_000018325.1,Cyanobacteriota+Chloroflexota
 GCA_003208175.1,Cyanobacteriota+Chloroflexota
 GCA_000376385.1,Cyanobacteriota+Chloroflexota
 GCA_000430885.1,Cyanobacteriota+Chloroflexota
 GCA_000243135.3,Cyanobacteriota+Chloroflexota
 GCA_000233715.3,Cyanobacteriota+Chloroflexota
 GCA_000160695.1,Cyanobacteriota+Chloroflexota
 GCA_000234095.1,Cyanobacteriota+Chloroflexota
 GCA_000687555.1,Cyanobacteriota+Chloroflexota
 GCA_900142095.1,Cyanobacteriota+Chloroflexota
 GCA_002006355.1,Cyanobacteriota+Chloroflexota
 GCA_900167445.1,Cyanobacteriota+Chloroflexota
 GCA_001571775.1,Cyanobacteriota+Chloroflexota
 GCA_001317355.1,Cyanobacteriota+Chloroflexota
 GCA_001693735.1,Cyanobacteriota+Chloroflexota
 GCA_000208405.1,Cyanobacteriota+Chloroflexota
 GCA_900142005.1,Cyanobacteriota+Chloroflexota
 GCA_000577895.1,Cyanobacteriota+Chloroflexota
 GCA_900115135.1,Cyanobacteriota+Chloroflexota
 GCA_900112775.1,Cyanobacteriota+Chloroflexota
 GCA_001513365.1,Cyanobacteriota+Chloroflexota
 GCA_001513385.1,Cyanobacteriota+Chloroflexota
 GCA_001513335.1,Cyanobacteriota+Chloroflexota
 GCA_001513495.1,Cyanobacteriota+Chloroflexota
 GCA_001513505.1,Cyanobacteriota+Chloroflexota
 GCA_001513425.1,Cyanobacteriota+Chloroflexota
 GCA_001513395.1,Cyanobacteriota+Chloroflexota
 GCA_001513545.1,Cyanobacteriota+Chloroflexota
 GCA_000019085.1,Cyanobacteriota+Chloroflexota
 GCA_000428745.1,Cyanobacteriota+Chloroflexota
 GCA_900460315.1,Cyanobacteriota+Chloroflexota
 GCA_003992115.1,Cyanobacteriota+Chloroflexota
 GCA_001950325.1,Cyanobacteriota+Chloroflexota
 GCA_002216005.1,Cyanobacteriota+Chloroflexota
 GCA_011375465.1,Cyanobacteriota+Chloroflexota
 GCA_900115975.1,Cyanobacteriota+Chloroflexota
 GCA_004524775.1,Cyanobacteriota+Chloroflexota
 GCA_900128885.1,Cyanobacteriota+Chloroflexota
 GCA_001855385.1,Cyanobacteriota+Chloroflexota
 GCA_900167115.1,Cyanobacteriota+Chloroflexota
 GCA_000518685.1,Cyanobacteriota+Chloroflexota
 GCA_900167215.1,Cyanobacteriota+Chloroflexota
 GCA_001458595.1,Cyanobacteriota+Chloroflexota
 GCA_900129925.1,Cyanobacteriota+Chloroflexota
 GCA_900637515.1,Cyanobacteriota+Chloroflexota
 GCA_000421725.1,Cyanobacteriota+Chloroflexota
 GCA_000711975.1,Cyanobacteriota+Chloroflexota
 GCA_900142075.1,Cyanobacteriota+Chloroflexota
 GCA_002998295.1,Cyanobacteriota+Chloroflexota
 GCA_000946815.1,Cyanobacteriota+Chloroflexota
 GCA_900101355.1,Cyanobacteriota+Chloroflexota
 GCA_900129965.1,Cyanobacteriota+Chloroflexota
 GCA_014202695.1,Cyanobacteriota+Chloroflexota
 GCA_000169255.2,Cyanobacteriota+Chloroflexota
 GCA_900129195.1,Cyanobacteriota+Chloroflexota
 GCA_900106765.1,Cyanobacteriota+Chloroflexota
 GCA_000328625.1,Cyanobacteriota+Chloroflexota
 GCA_900111575.1,Cyanobacteriota+Chloroflexota
 GCA_005046945.1,Cyanobacteriota+Chloroflexota
 GCA_014201835.1,Cyanobacteriota+Chloroflexota
 GCA_900115735.1,Cyanobacteriota+Chloroflexota
 GCA_003433295.1,Cyanobacteriota+Chloroflexota
 GCA_001758365.1,Cyanobacteriota+Chloroflexota
 GCA_000426305.1,Cyanobacteriota+Chloroflexota
 GCA_000983115.1,Cyanobacteriota+Chloroflexota
 GCA_000160035.2,Cyanobacteriota+Chloroflexota
 GCA_000016545.1,Cyanobacteriota+Chloroflexota
 GCA_000427425.1,Cyanobacteriota+Chloroflexota
 GCA_000016985.1,Cyanobacteriota+Chloroflexota
 GCA_900167185.1,Cyanobacteriota+Chloroflexota
 GCA_000231405.3,Cyanobacteriota+Chloroflexota
 GCA_900130065.1,Cyanobacteriota+Chloroflexota
 GCA_000244895.1,Cyanobacteriota+Chloroflexota
 GCA_900143645.1,Cyanobacteriota+Chloroflexota
 GCA_000163895.2,Cyanobacteriota+Chloroflexota
 GCA_004346095.1,Cyanobacteriota+Chloroflexota
 GCA_001189495.1,Cyanobacteriota+Chloroflexota
 GCA_900141835.1,Cyanobacteriota+Chloroflexota
 GCA_000384135.1,Cyanobacteriota+Chloroflexota
 GCA_001730685.1,Cyanobacteriota+Chloroflexota
 GCA_000511955.1,Cyanobacteriota+Chloroflexota
 GCA_900100785.1,Cyanobacteriota+Chloroflexota
 GCA_004369205.1,Cyanobacteriota+Chloroflexota
 GCA_900103425.1,Cyanobacteriota+Chloroflexota
 GCA_900113335.1,Cyanobacteriota+Chloroflexota
 GCA_000147695.3,Cyanobacteriota+Chloroflexota
 GCA_900096945.1,Cyanobacteriota+Chloroflexota
 GCA_000231385.3,Cyanobacteriota+Chloroflexota
 GCA_003096635.1,Cyanobacteriota+Chloroflexota
 GCA_000147675.2,Cyanobacteriota+Chloroflexota
 GCA_004340125.1,Cyanobacteriota+Chloroflexota
 GCA_000160115.1,Cyanobacteriota+Chloroflexota
 GCA_001940565.1,Cyanobacteriota+Chloroflexota
 GCA_000194985.1,Cyanobacteriota+Chloroflexota
 GCA_000620945.1,Cyanobacteriota+Chloroflexota
 GCA_900101845.1,Cyanobacteriota+Chloroflexota
 GCA_900176355.1,Cyanobacteriota+Chloroflexota
 GCA_900110485.1,Cyanobacteriota+Chloroflexota
 GCA_009696605.1,Cyanobacteriota+Chloroflexota
 GCA_009905255.1,Cyanobacteriota+Chloroflexota
 GCA_003201875.1,Cyanobacteriota+Chloroflexota
 GCA_001941975.1,Cyanobacteriota+Chloroflexota
 GCA_000185505.1,Cyanobacteriota+Chloroflexota
 GCA_004364155.1,Cyanobacteriota+Chloroflexota
 GCA_003054495.1,Cyanobacteriota+Chloroflexota
 GCA_000020005.1,Cyanobacteriota+Chloroflexota
 GCA_002051585.1,Cyanobacteriota+Chloroflexota
 GCA_000620125.1,Cyanobacteriota+Chloroflexota
 GCA_900104455.1,Cyanobacteriota+Chloroflexota
 GCA_000374545.1,Cyanobacteriota+Chloroflexota
 GCA_003814745.1,Cyanobacteriota+Chloroflexota
 GCA_002998925.1,Cyanobacteriota+Chloroflexota
 GCA_000146345.1,Cyanobacteriota+Chloroflexota
 GCA_000621485.1,Cyanobacteriota+Chloroflexota
 GCA_900142165.1,Cyanobacteriota+Chloroflexota
 GCA_000875945.1,Cyanobacteriota+Chloroflexota
 GCA_000472665.1,Cyanobacteriota+Chloroflexota
 GCA_000350485.1,Cyanobacteriota+Chloroflexota
 GCA_000175795.2,Cyanobacteriota+Chloroflexota
 GCA_000213975.1,Cyanobacteriota+Chloroflexota
 GCA_002995795.1,Cyanobacteriota+Chloroflexota
 GCA_000423525.1,Cyanobacteriota+Chloroflexota
 GCA_900141895.1,Cyanobacteriota+Chloroflexota
 GCA_902381825.1,Cyanobacteriota+Chloroflexota
 GCA_003368535.1,Cyanobacteriota+Chloroflexota
 GCA_900176035.1,Cyanobacteriota+Chloroflexota
 GCA_000513555.1,Cyanobacteriota+Chloroflexota
 GCA_001950255.1,Cyanobacteriota+Chloroflexota
 GCA_900129915.1,Cyanobacteriota+Chloroflexota
 GCA_000307265.1,Cyanobacteriota+Chloroflexota
 GCA_009932395.1,Cyanobacteriota+Chloroflexota
 GCA_000190635.1,Cyanobacteriota+Chloroflexota
 GCA_001042715.1,Cyanobacteriota+Chloroflexota
 GCA_001405015.1,Cyanobacteriota+Chloroflexota
 GCA_002896855.1,Cyanobacteriota+Chloroflexota
 GCA_900109225.1,Cyanobacteriota+Chloroflexota
 GCA_003752155.1,Cyanobacteriota+Chloroflexota
 GCA_900142275.1,Cyanobacteriota+Chloroflexota
 GCA_900102435.1,Cyanobacteriota+Chloroflexota
 GCA_900143285.1,Cyanobacteriota+Chloroflexota
 GCA_002285495.1,Cyanobacteriota+Chloroflexota
 GCA_003992125.1,Cyanobacteriota+Chloroflexota
 GCA_000517025.1,Cyanobacteriota+Chloroflexota
 GCA_001263415.1,Cyanobacteriota+Chloroflexota
 GCA_003337415.1,Cyanobacteriota+Chloroflexota
 GCA_900114615.1,Cyanobacteriota+Chloroflexota
 GCA_004154955.1,Cyanobacteriota+Chloroflexota
 GCA_014284475.1,Cyanobacteriota+Chloroflexota
 GCA_008086595.1,Cyanobacteriota+Chloroflexota
 GCA_002995745.1,Cyanobacteriota+Chloroflexota
 GCA_000455225.1,Cyanobacteriota+Chloroflexota
 GCA_002838815.1,Cyanobacteriota+Chloroflexota
 GCA_001675165.1,Cyanobacteriota+Chloroflexota
 GCA_900129265.1,Cyanobacteriota+Chloroflexota
 GCA_900142375.1,Cyanobacteriota+Chloroflexota
 GCA_000430995.1,Cyanobacteriota+Chloroflexota
 GCA_000166355.1,Cyanobacteriota+Chloroflexota
 GCA_000166775.1,Cyanobacteriota+Chloroflexota
 GCA_900142645.1,Cyanobacteriota+Chloroflexota
 GCA_000312505.3,Cyanobacteriota+Chloroflexota
 GCA_002243385.1,Cyanobacteriota+Chloroflexota
 GCA_003023745.1,Cyanobacteriota+Chloroflexota
 GCA_900142025.1,Cyanobacteriota+Chloroflexota
 GCA_000429345.1,Cyanobacteriota+Chloroflexota
 GCA_010906925.1,Cyanobacteriota+Chloroflexota
 GCA_900454685.1,Cyanobacteriota+Chloroflexota
 GCA_900638585.1,Cyanobacteriota+Chloroflexota
 GCA_900112485.1,Cyanobacteriota+Chloroflexota
 GCA_900103535.1,Cyanobacteriota+Chloroflexota
 GCA_004341685.1,Cyanobacteriota+Chloroflexota
 GCA_000381065.1,Cyanobacteriota+Chloroflexota
 GCA_900129805.1,Cyanobacteriota+Chloroflexota
 GCA_002995805.1,Cyanobacteriota+Chloroflexota
 GCA_002995755.1,Cyanobacteriota+Chloroflexota
 GCA_900129115.1,Cyanobacteriota+Chloroflexota
 GCA_900142995.1,Cyanobacteriota+Chloroflexota
 GCA_900107485.1,Cyanobacteriota+Chloroflexota
 GCA_001512915.1,Cyanobacteriota+Chloroflexota
 GCA_001513045.1,Cyanobacteriota+Chloroflexota
 GCA_900141845.1,Cyanobacteriota+Chloroflexota
 GCA_000686705.1,Cyanobacteriota+Chloroflexota
 GCA_002257705.1,Cyanobacteriota+Chloroflexota
 GCA_900129225.1,Cyanobacteriota+Chloroflexota
 GCA_000312025.1,Cyanobacteriota+Chloroflexota
 GCA_000283575.1,Cyanobacteriota+Chloroflexota
 GCA_000165735.1,Cyanobacteriota+Chloroflexota
 GCA_000732635.1,Cyanobacteriota+Chloroflexota
 GCA_000213255.1,Cyanobacteriota+Chloroflexota
 GCA_008151785.1,Cyanobacteriota+Chloroflexota
 GCA_000246895.2,Cyanobacteriota+Chloroflexota
 GCA_000297115.1,Cyanobacteriota+Chloroflexota
 GCA_001006285.1,Cyanobacteriota+Chloroflexota
 GCA_000521465.1,Cyanobacteriota+Chloroflexota
 GCA_900450455.1,Cyanobacteriota+Chloroflexota
 GCA_900156285.1,Cyanobacteriota+Chloroflexota
 GCA_000308255.3,Cyanobacteriota+Chloroflexota
 GCA_001440545.1,Cyanobacteriota+Chloroflexota
 GCA_000961585.1,Cyanobacteriota+Chloroflexota
 GCA_000961805.1,Cyanobacteriota+Chloroflexota
 GCA_000961765.1,Cyanobacteriota+Chloroflexota
 GCA_000961575.1,Cyanobacteriota+Chloroflexota
 GCA_000961595.1,Cyanobacteriota+Chloroflexota
 GCA_002934545.1,Cyanobacteriota+Chloroflexota
 GCA_900167555.1,Cyanobacteriota+Chloroflexota
 GCA_000619945.1,Cyanobacteriota+Chloroflexota
 GCA_000802095.1,Cyanobacteriota+Chloroflexota
 GCA_000802045.1,Cyanobacteriota+Chloroflexota
 GCA_008124625.1,Cyanobacteriota+Chloroflexota
 GCA_000024205.1,Cyanobacteriota+Chloroflexota
 GCA_000239275.1,Cyanobacteriota+Chloroflexota
 GCA_001611555.1,Cyanobacteriota+Chloroflexota
 GCA_008125075.1,Cyanobacteriota+Chloroflexota
 GCA_000686725.1,Cyanobacteriota+Chloroflexota
 GCA_900176305.1,Cyanobacteriota+Chloroflexota
 GCA_000387765.1,Cyanobacteriota+Chloroflexota
 GCA_003201285.1,Cyanobacteriota+Chloroflexota
 GCA_900142105.1,Cyanobacteriota+Chloroflexota
 GCA_000016165.1,Cyanobacteriota+Chloroflexota
 GCA_004346165.1,Cyanobacteriota+Chloroflexota
 GCA_900142245.1,Cyanobacteriota+Chloroflexota
 GCA_001594005.1,Cyanobacteriota+Chloroflexota
 GCA_003815015.1,Cyanobacteriota+Chloroflexota
 GCA_001461035.1,Cyanobacteriota+Chloroflexota
 GCA_900167205.1,Cyanobacteriota+Chloroflexota
 GCA_900103815.1,Cyanobacteriota+Chloroflexota
 GCA_009720735.1,Cyanobacteriota+Chloroflexota
 GCA_000144695.1,Cyanobacteriota+Chloroflexota
 GCA_900107405.1,Cyanobacteriota+Chloroflexota
 GCA_003992065.1,Cyanobacteriota+Chloroflexota
 GCA_001485475.2,Cyanobacteriota+Chloroflexota
 GCA_009649955.1,Cyanobacteriota+Chloroflexota
 GCA_000747665.1,Cyanobacteriota+Chloroflexota
 GCA_004369225.1,Cyanobacteriota+Chloroflexota
 GCA_900103835.1,Cyanobacteriota+Chloroflexota
 GCA_001562415.1,Cyanobacteriota+Chloroflexota
 GCA_001562425.1,Cyanobacteriota+Chloroflexota
 GCA_001601575.1,Cyanobacteriota+Chloroflexota
 GCA_000621585.1,Cyanobacteriota+Chloroflexota
 GCA_000189775.3,Cyanobacteriota+Chloroflexota
 GCA_900104115.1,Cyanobacteriota+Chloroflexota
 GCA_000953215.1,Cyanobacteriota+Chloroflexota
 GCA_900108045.1,Cyanobacteriota+Chloroflexota
 GCA_002029295.1,Cyanobacteriota+Chloroflexota
 GCA_001584565.1,Cyanobacteriota+Chloroflexota
 GCA_003862485.1,Cyanobacteriota+Chloroflexota
 GCA_900130005.1,Cyanobacteriota+Chloroflexota
 GCA_900129815.1,Cyanobacteriota+Chloroflexota
 GCA_000178835.2,Cyanobacteriota+Chloroflexota
 GCA_900111595.1,Cyanobacteriota+Chloroflexota
 GCA_002006345.1,Cyanobacteriota+Chloroflexota
 GCA_900142225.1,Cyanobacteriota+Chloroflexota
 GCA_009428905.1,Cyanobacteriota+Chloroflexota
 GCA_000145215.1,Cyanobacteriota+Chloroflexota
 GCA_003966895.1,Cyanobacteriota+Chloroflexota
 GCA_900114545.1,Cyanobacteriota+Chloroflexota
 GCA_900142215.1,Cyanobacteriota+Chloroflexota
 GCA_000144645.1,Cyanobacteriota+Chloroflexota
 GCA_900176005.1,Cyanobacteriota+Chloroflexota
 GCA_900129075.1,Cyanobacteriota+Chloroflexota
 GCA_900142145.1,Cyanobacteriota+Chloroflexota
 GCA_001515955.1,Cyanobacteriota+Chloroflexota
 GCA_900142235.1,Cyanobacteriota+Chloroflexota
 GCA_000311985.1,Cyanobacteriota+Chloroflexota
 GCA_014207605.1,Cyanobacteriota+Chloroflexota
 GCA_000012865.1,Cyanobacteriota+Chloroflexota
 GCA_000364225.1,Cyanobacteriota+Chloroflexota
 GCA_001466305.1,Cyanobacteriota+Chloroflexota
 GCA_000020485.1,Cyanobacteriota+Chloroflexota
 GCA_001311925.1,Cyanobacteriota+Chloroflexota
 GCA_000169155.1,Cyanobacteriota+Chloroflexota
 GCA_007830175.1,Cyanobacteriota+Chloroflexota
 GCA_000495435.3,Cyanobacteriota+Chloroflexota
 GCA_900103005.1,Cyanobacteriota+Chloroflexota
 GCA_003865095.1,Cyanobacteriota+Chloroflexota
 GCA_000601455.1,Cyanobacteriota+Chloroflexota
GCA_000170755.1,Chlamydiota
 GCA_000025905.1,Chlamydiota
 GCA_001580015.1,Chlamydiota
 GCA_001580045.1,Chlamydiota
 GCA_000972765.1,Chlamydiota
 GCA_000155695.1,Chlamydiota
 GCA_000019665.1,Chlamydiota
 GCA_000378105.1,Chlamydiota
 GCA_900141815.1,Chlamydiota
 GCA_007992435.1,Chlamydiota
 GCA_014203045.1,Chlamydiota
 GCA_014203095.1,Chlamydiota
 GCA_003315205.1,Chlamydiota
 GCA_002290555.1,Chlamydiota
 GCA_001303885.1,Chlamydiota
 GCA_001303465.1,Chlamydiota
 GCA_001303665.1,Chlamydiota
 GCA_001302825.1,Chlamydiota
 GCA_001303695.1,Chlamydiota
GCA_000755505.1,Pseudomonadota
 GCA_000284315.1,Pseudomonadota
 GCA_014155765.1,Pseudomonadota
 GCA_001485295.1,Pseudomonadota
 GCA_003846135.1,Pseudomonadota
 GCA_000439375.1,Pseudomonadota
 GCA_002075345.1,Pseudomonadota
 GCA_013337685.1,Pseudomonadota
 GCA_001266615.1,Pseudomonadota
 GCA_900635475.1,Pseudomonadota
 GCA_003315335.1,Pseudomonadota
 GCA_000734965.1,Pseudomonadota
 GCA_000982825.1,Pseudomonadota
 GCA_003818135.1,Pseudomonadota
 GCA_001654835.1,Pseudomonadota
 GCA_001654925.1,Pseudomonadota
 GCA_003601925.1,Pseudomonadota
 GCA_003614975.1,Pseudomonadota
 GCA_003602095.1,Pseudomonadota
 GCA_003610915.1,Pseudomonadota
 GCA_004330295.1,Pseudomonadota
 GCA_002093625.1,Pseudomonadota
 GCA_002093665.1,Pseudomonadota
 GCA_900635445.1,Pseudomonadota
 GCA_900155695.1,Pseudomonadota
 GCA_001112925.1,Pseudomonadota
 GCA_000252955.1,Pseudomonadota
 GCA_002632725.1,Pseudomonadota
 GCA_001037465.1,Pseudomonadota
 GCA_002127545.1,Pseudomonadota
 GCA_002632875.1,Pseudomonadota
 GCA_001908095.1,Pseudomonadota
 GCA_001908105.1,Pseudomonadota
 GCA_003610465.1,Pseudomonadota
 GCA_001028135.1,Pseudomonadota
 GCA_000968175.1,Pseudomonadota
 GCA_000968195.1,Pseudomonadota
 GCA_900115195.1,Pseudomonadota
 GCA_002127535.1,Pseudomonadota
 GCA_002632825.1,Pseudomonadota
 GCA_003386665.1,Pseudomonadota
 GCA_014467235.1,Pseudomonadota
 GCA_002632465.1,Pseudomonadota
 GCA_011189575.1,Pseudomonadota
 GCA_001654855.1,Pseudomonadota
 GCA_001676055.1,Pseudomonadota
 GCA_000314855.2,Pseudomonadota
 GCA_000314895.2,Pseudomonadota
 GCA_900111395.1,Pseudomonadota
 GCA_003363015.1,Pseudomonadota
 GCA_003666245.1,Pseudomonadota
 GCA_005484945.1,Pseudomonadota
 GCA_004342665.1,Pseudomonadota
 GCA_004343195.1,Pseudomonadota
 GCA_000517425.1,Pseudomonadota
 GCA_003201855.1,Pseudomonadota
 GCA_000420525.1,Pseudomonadota
 GCA_000423285.1,Pseudomonadota
 GCA_000620105.1,Pseudomonadota
 GCA_000382305.1,Pseudomonadota
 GCA_900451175.1,Pseudomonadota
 GCA_003013245.1,Pseudomonadota
 GCA_900638685.1,Pseudomonadota
 GCA_014054525.1,Pseudomonadota
 GCA_002951835.1,Pseudomonadota
 GCA_007644035.2,Pseudomonadota
 GCA_003633895.1,Pseudomonadota
 GCA_000971335.1,Pseudomonadota
 GCA_900177275.1,Pseudomonadota
 GCA_000429785.1,Pseudomonadota
 GCA_900451195.1,Pseudomonadota
 GCA_900176275.1,Pseudomonadota
 GCA_000711875.1,Pseudomonadota
 GCA_000428465.1,Pseudomonadota
 GCA_000376945.1,Pseudomonadota
 GCA_000373385.1,Pseudomonadota
 GCA_009938015.1,Pseudomonadota
 GCA_003864975.1,Pseudomonadota
 GCA_005502435.1,Pseudomonadota
 GCA_001044335.1,Pseudomonadota
 GCA_000156155.1,Pseudomonadota
 GCA_900100975.1,Pseudomonadota
 GCA_009858335.1,Pseudomonadota
 GCA_002632355.1,Pseudomonadota
 GCA_900206265.1,Pseudomonadota
 GCA_900116685.1,Pseudomonadota
 GCA_006742785.1,Pseudomonadota
 GCA_900167395.1,Pseudomonadota
 GCA_900115125.1,Pseudomonadota
 GCA_900110185.1,Pseudomonadota
 GCA_000025705.1,Pseudomonadota
 GCA_000145255.1,Pseudomonadota
 GCA_000381125.1,Pseudomonadota
 GCA_001598255.1,Pseudomonadota
 GCA_002205645.1,Pseudomonadota
 GCA_002205845.1,Pseudomonadota
 GCA_004362405.1,Pseudomonadota
 GCA_005952805.1,Pseudomonadota
 GCA_004362525.1,Pseudomonadota
 GCA_004011805.1,Pseudomonadota
 GCA_001293525.1,Pseudomonadota
 GCA_000430725.1,Pseudomonadota
 GCA_001571085.1,Pseudomonadota
 GCA_002222655.1,Pseudomonadota
 GCA_006519715.1,Pseudomonadota
 GCA_001295865.1,Pseudomonadota
 GCA_001295905.1,Pseudomonadota
 GCA_000969605.1,Pseudomonadota
 GCA_000019785.1,Pseudomonadota
 GCA_004362855.1,Pseudomonadota
 GCA_001447195.1,Pseudomonadota
 GCA_009909205.1,Pseudomonadota
 GCA_004217215.1,Pseudomonadota
 GCA_001005215.1,Pseudomonadota
 GCA_900129055.1,Pseudomonadota
 GCA_000484635.1,Pseudomonadota
 GCA_900103645.1,Pseudomonadota
 GCA_014076495.1,Pseudomonadota
 GCA_014207855.1,Pseudomonadota
 GCA_900461435.1,Pseudomonadota
 GCA_902829245.1,Pseudomonadota
 GCA_000429845.1,Pseudomonadota
 GCA_008727115.1,Pseudomonadota
 GCA_000739995.1,Pseudomonadota
 GCA_900111115.1,Pseudomonadota
 GCA_003268905.1,Pseudomonadota
 GCA_014207955.1,Pseudomonadota
 GCA_000015565.1,Pseudomonadota
 GCA_003269065.1,Pseudomonadota
 GCA_900102625.1,Pseudomonadota
 GCA_900113035.1,Pseudomonadota
 GCA_900110225.1,Pseudomonadota
 GCA_000374625.1,Pseudomonadota
 GCA_003063475.1,Pseudomonadota
 GCA_000381265.1,Pseudomonadota
 GCA_000518645.1,Pseudomonadota
 GCA_003965815.1,Pseudomonadota
 GCA_006438845.1,Pseudomonadota
 GCA_001591385.1,Pseudomonadota
 GCA_000745855.1,Pseudomonadota
 GCA_003350475.1,Pseudomonadota
 GCA_001580455.1,Pseudomonadota
 GCA_004682015.1,Pseudomonadota
 GCA_004681965.1,Pseudomonadota
 GCA_009646335.1,Pseudomonadota
 GCA_003337555.1,Pseudomonadota
 GCA_001598235.1,Pseudomonadota
 GCA_000015505.1,Pseudomonadota
 GCA_000709345.1,Pseudomonadota
 GCA_004328645.1,Pseudomonadota
 GCA_001592265.1,Pseudomonadota
 GCA_001955715.1,Pseudomonadota
 GCA_003843835.1,Pseudomonadota
 GCA_000723405.1,Pseudomonadota
 GCA_001571145.1,Pseudomonadota
 GCA_001761385.1,Pseudomonadota
 GCA_001571225.1,Pseudomonadota
 GCA_001592305.1,Pseudomonadota
 GCA_007556705.1,Pseudomonadota
 GCA_004363315.1,Pseudomonadota
 GCA_002980595.1,Pseudomonadota
 GCA_900088825.1,Pseudomonadota
 GCA_002028405.1,Pseudomonadota
 GCA_001418255.1,Pseudomonadota
 GCA_001295775.1,Pseudomonadota
 GCA_000372065.1,Pseudomonadota
 GCA_000621025.1,Pseudomonadota
 GCA_013133795.1,Pseudomonadota
 GCA_000506865.1,Pseudomonadota
 GCA_004217095.1,Pseudomonadota
 GCA_000521505.1,Pseudomonadota
 GCA_902859585.1,Pseudomonadota
 GCA_902859725.1,Pseudomonadota
 GCA_000236785.2,Pseudomonadota
 GCA_902859595.1,Pseudomonadota
 GCA_002885955.2,Pseudomonadota
 GCA_900496965.1,Pseudomonadota
 GCA_903652925.1,Pseudomonadota
 GCA_902859735.1,Pseudomonadota
 GCA_013267355.1,Pseudomonadota
 GCA_001676705.1,Pseudomonadota
 GCA_001676725.1,Pseudomonadota
 GCA_004121055.1,Pseudomonadota
 GCA_900089455.2,Pseudomonadota
 GCA_004216695.1,Pseudomonadota
 GCA_008119665.1,Pseudomonadota
 GCA_003096595.1,Pseudomonadota
 GCA_002209565.1,Pseudomonadota
 GCA_004153685.1,Pseudomonadota
 GCA_004153455.1,Pseudomonadota
 GCA_004153445.1,Pseudomonadota
 GCA_004342005.1,Pseudomonadota
 GCA_014203015.1,Pseudomonadota
 GCA_000026125.1,Pseudomonadota
 GCA_000256565.1,Pseudomonadota
 GCA_001189965.1,Pseudomonadota
 GCA_001189915.1,Pseudomonadota
 GCA_001189955.1,Pseudomonadota
 GCA_002213425.1,Pseudomonadota
 GCA_004367745.1,Pseudomonadota
 GCA_001040945.1,Pseudomonadota
 GCA_009914615.1,Pseudomonadota
 GCA_001584165.1,Pseudomonadota
 GCA_001584185.1,Pseudomonadota
 GCA_002760665.1,Pseudomonadota
 GCA_003011895.2,Pseudomonadota
 GCA_002968015.1,Pseudomonadota
 GCA_001941825.1,Pseudomonadota
 GCA_000382345.1,Pseudomonadota
 GCA_003143515.1,Pseudomonadota
 GCA_000427785.1,Pseudomonadota
 GCA_900112225.1,Pseudomonadota
 GCA_000425385.1,Pseudomonadota
 GCA_004322755.1,Pseudomonadota
 GCA_004209755.1,Pseudomonadota
 GCA_009727155.1,Pseudomonadota
 GCA_007830455.1,Pseudomonadota
 GCA_004421005.1,Pseudomonadota
 GCA_900116645.1,Pseudomonadota
 GCA_009720865.1,Pseudomonadota
 GCA_000381565.1,Pseudomonadota
 GCA_009720825.1,Pseudomonadota
 GCA_900143065.1,Pseudomonadota
 GCA_000383895.1,Pseudomonadota
 GCA_001758785.1,Pseudomonadota
 GCA_009720775.1,Pseudomonadota
 GCA_003667705.1,Pseudomonadota
 GCA_900451145.1,Pseudomonadota
 GCA_003955735.1,Pseudomonadota
 GCA_003201815.1,Pseudomonadota
 GCA_013377855.1,Pseudomonadota
 GCA_003072505.1,Pseudomonadota
 GCA_002224225.1,Pseudomonadota
 GCA_001659725.1,Pseudomonadota
 GCA_900096755.1,Pseudomonadota
 GCA_001595965.1,Pseudomonadota
 GCA_002206625.1,Pseudomonadota
 GCA_002192535.1,Pseudomonadota
 GCA_001953355.1,Pseudomonadota
 GCA_001595985.1,Pseudomonadota
 GCA_000973625.1,Pseudomonadota
 GCA_002858765.1,Pseudomonadota
 GCA_001598055.1,Pseudomonadota
 GCA_900094595.1,Pseudomonadota
 GCA_013141915.1,Pseudomonadota
 GCA_900250115.1,Pseudomonadota
 GCA_000607165.1,Pseudomonadota
 GCA_008801405.1,Pseudomonadota
 GCA_000970345.1,Pseudomonadota
 GCA_000198775.1,Pseudomonadota
 GCA_002927045.1,Pseudomonadota
 GCA_000959725.1,Pseudomonadota
 GCA_001411805.1,Pseudomonadota
 GCA_002099195.1,Pseudomonadota
 GCA_902499045.1,Pseudomonadota
 GCA_003268775.1,Pseudomonadota
 GCA_000519185.1,Pseudomonadota
 GCA_000739775.1,Pseudomonadota
 GCA_000785435.2,Pseudomonadota
 GCA_000685075.1,Pseudomonadota
 GCA_000685035.1,Pseudomonadota
 GCA_000684975.1,Pseudomonadota
 GCA_003350035.1,Pseudomonadota
 GCA_902833645.1,Pseudomonadota
 GCA_000020125.1,Pseudomonadota
 GCA_000472525.1,Pseudomonadota
 GCA_000739735.1,Pseudomonadota
 GCA_902859915.1,Pseudomonadota
 GCA_001865575.1,Pseudomonadota
 GCA_900107685.1,Pseudomonadota
 GCA_007556815.1,Pseudomonadota
 GCA_900108945.1,Pseudomonadota
 GCA_002902925.1,Pseudomonadota
 GCA_001544535.2,Pseudomonadota
 GCA_000698555.1,Pseudomonadota
 GCA_001544615.2,Pseudomonadota
 GCA_001544655.2,Pseudomonadota
 GCA_900258035.1,Pseudomonadota
 GCA_001544915.2,Pseudomonadota
 GCA_900044055.2,Pseudomonadota
 GCA_001545035.2,Pseudomonadota
 GCA_001544835.2,Pseudomonadota
 GCA_001544795.2,Pseudomonadota
 GCA_001544695.2,Pseudomonadota
 GCA_001544755.2,Pseudomonadota
 GCA_001544875.2,Pseudomonadota
 GCA_001545075.2,Pseudomonadota
 GCA_001544595.2,Pseudomonadota
 GCA_003966915.1,Pseudomonadota
 GCA_001029105.3,Pseudomonadota
 GCA_001465545.3,Pseudomonadota
 GCA_000482785.1,Pseudomonadota
 GCA_002105195.1,Pseudomonadota
 GCA_004363775.1,Pseudomonadota
 GCA_004291335.1,Pseudomonadota
 GCA_900637555.1,Pseudomonadota
 GCA_003634965.1,Pseudomonadota
 GCA_000372885.1,Pseudomonadota
 GCA_005239635.1,Pseudomonadota
 GCA_900174485.1,Pseudomonadota
 GCA_000934545.1,Pseudomonadota
 GCA_902813185.1,Pseudomonadota
 GCA_000425565.1,Pseudomonadota
 GCA_006503695.1,Pseudomonadota
 GCA_003574215.1,Pseudomonadota
 GCA_900156155.1,Pseudomonadota
 GCA_000378245.1,Pseudomonadota
 GCA_012910905.1,Pseudomonadota
 GCA_012910785.1,Pseudomonadota
 GCA_000310225.1,Pseudomonadota
 GCA_001922305.1,Pseudomonadota
 GCA_001591165.1,Pseudomonadota
 GCA_000443165.1,Pseudomonadota
 GCA_004361735.1,Pseudomonadota
 GCA_000735045.1,Pseudomonadota
 GCA_000423825.1,Pseudomonadota
 GCA_001643475.1,Pseudomonadota
 GCA_003315245.1,Pseudomonadota
 GCA_001697225.1,Pseudomonadota
 GCA_003217155.1,Pseudomonadota
 GCA_900101915.1,Pseudomonadota
 GCA_001444505.1,Pseudomonadota
 GCA_009812035.1,Pseudomonadota
 GCA_003350005.1,Pseudomonadota
 GCA_000471625.1,Pseudomonadota
 GCA_003148585.1,Pseudomonadota
 GCA_001411745.2,Pseudomonadota
 GCA_013248965.1,Pseudomonadota
 GCA_014192115.1,Pseudomonadota
 GCA_000012305.1,Pseudomonadota
 GCA_001298525.1,Pseudomonadota
 GCA_007997305.1,Pseudomonadota
 GCA_900162825.1,Pseudomonadota
 GCA_900162815.1,Pseudomonadota
 GCA_000382145.1,Pseudomonadota
 GCA_002014765.1,Pseudomonadota
 GCA_002014825.1,Pseudomonadota
 GCA_002014855.1,Pseudomonadota
 GCA_002027555.1,Pseudomonadota
 GCA_002014975.1,Pseudomonadota
 GCA_900453205.1,Pseudomonadota
 GCA_000379845.1,Pseudomonadota
 GCA_009867135.1,Pseudomonadota
 GCA_900096955.1,Pseudomonadota
 GCA_900197575.1,Pseudomonadota
 GCA_000488215.1,Pseudomonadota
 GCA_001707755.1,Pseudomonadota
 GCA_001605895.1,Pseudomonadota
 GCA_001307195.1,Pseudomonadota
 GCA_000488255.1,Pseudomonadota
 GCA_900107285.1,Pseudomonadota
 GCA_900095025.1,Pseudomonadota
 GCA_000816495.1,Pseudomonadota
 GCA_900096895.1,Pseudomonadota
 GCA_000368925.1,Pseudomonadota
 GCA_001704615.3,Pseudomonadota
 GCA_000829675.1,Pseudomonadota
 GCA_001704115.1,Pseudomonadota
 GCA_000367945.1,Pseudomonadota
 GCA_009884975.1,Pseudomonadota
 GCA_900096915.1,Pseudomonadota
 GCA_900096995.1,Pseudomonadota
 GCA_008693185.1,Pseudomonadota
 GCA_004377485.1,Pseudomonadota
 GCA_004217445.1,Pseudomonadota
 GCA_001676655.1,Pseudomonadota
 GCA_003387535.1,Pseudomonadota
 GCA_000299335.2,Pseudomonadota
 GCA_000300005.1,Pseudomonadota
 GCA_900217905.1,Pseudomonadota
 GCA_000300995.1,Pseudomonadota
 GCA_011074795.1,Pseudomonadota
 GCA_900106945.1,Pseudomonadota
 GCA_900114775.1,Pseudomonadota
 GCA_000397065.2,Pseudomonadota
 GCA_000170835.1,Pseudomonadota
 GCA_008795985.1,Pseudomonadota
 GCA_007671675.1,Pseudomonadota
 GCA_900142385.1,Pseudomonadota
 GCA_007671655.1,Pseudomonadota
 GCA_001043175.1,Pseudomonadota
 GCA_003315345.1,Pseudomonadota
 GCA_002258215.1,Pseudomonadota
 GCA_003336705.1,Pseudomonadota
 GCA_000830985.1,Pseudomonadota
 GCA_001854125.1,Pseudomonadota
 GCA_900115175.1,Pseudomonadota
 GCA_002744735.1,Pseudomonadota
 GCA_003096655.1,Pseudomonadota
 GCA_000376785.1,Pseudomonadota
 GCA_000422325.1,Pseudomonadota
 GCA_000686905.1,Pseudomonadota
 GCA_900119735.1,Pseudomonadota
 GCA_900112235.1,Pseudomonadota
 GCA_900108915.1,Pseudomonadota
 GCA_000591415.1,Pseudomonadota
 GCA_003206155.1,Pseudomonadota
 GCA_002179555.1,Pseudomonadota
 GCA_003006155.1,Pseudomonadota
 GCA_004364315.1,Pseudomonadota
 GCA_000761475.1,Pseudomonadota
 GCA_000409775.1,Pseudomonadota
 GCA_000759345.1,Pseudomonadota
 GCA_900100755.1,Pseudomonadota
 GCA_900102875.1,Pseudomonadota
 GCA_000620045.1,Pseudomonadota
 GCA_009902005.1,Pseudomonadota
 GCA_900104135.1,Pseudomonadota
 GCA_004363555.1,Pseudomonadota
 GCA_900116405.1,Pseudomonadota
 GCA_003056305.1,Pseudomonadota
 GCA_000425725.1,Pseudomonadota
 GCA_008274785.1,Pseudomonadota
 GCA_006540005.1,Pseudomonadota
 GCA_007989465.1,Pseudomonadota
 GCA_014192055.1,Pseudomonadota
 GCA_002549795.1,Pseudomonadota
 GCA_014192215.1,Pseudomonadota
 GCA_900100195.1,Pseudomonadota
 GCA_011742915.1,Pseudomonadota
 GCA_900142895.1,Pseudomonadota
 GCA_000334215.1,Pseudomonadota
 GCA_013415125.1,Pseudomonadota
 GCA_000236035.1,Pseudomonadota
 GCA_007991175.1,Pseudomonadota
 GCA_000377665.1,Pseudomonadota
 GCA_900110265.1,Pseudomonadota
 GCA_000275725.1,Pseudomonadota
 GCA_003989795.1,Pseudomonadota
 GCA_900111305.1,Pseudomonadota
 GCA_900103865.1,Pseudomonadota
 GCA_007989625.1,Pseudomonadota
 GCA_900128925.1,Pseudomonadota
 GCA_900102945.1,Pseudomonadota
 GCA_000378505.1,Pseudomonadota
 GCA_900113605.1,Pseudomonadota
 GCA_000731955.1,Pseudomonadota
 GCA_000526695.1,Pseudomonadota
 GCA_002157205.1,Pseudomonadota
 GCA_002155145.1,Pseudomonadota
 GCA_003385845.1,Pseudomonadota
 GCA_900112585.1,Pseudomonadota
 GCA_000382245.1,Pseudomonadota
 GCA_003633775.1,Pseudomonadota
 GCA_000422425.1,Pseudomonadota
 GCA_001995095.2,Pseudomonadota
 GCA_000422865.1,Pseudomonadota
 GCA_900167095.1,Pseudomonadota
 GCA_001528745.1,Pseudomonadota
 GCA_000378045.1,Pseudomonadota
 GCA_900108065.1,Pseudomonadota
 GCA_004339595.1,Pseudomonadota
 GCA_900155945.1,Pseudomonadota
 GCA_003014615.1,Pseudomonadota
 GCA_900107855.1,Pseudomonadota
 GCA_000691225.1,Pseudomonadota
 GCA_009821115.1,Pseudomonadota
 GCA_000620085.1,Pseudomonadota
 GCA_000153345.1,Pseudomonadota
 GCA_900111095.1,Pseudomonadota
 GCA_900113275.1,Pseudomonadota
 GCA_000619885.1,Pseudomonadota
 GCA_900089755.1,Pseudomonadota
 GCA_004363305.1,Pseudomonadota
 GCA_001639745.1,Pseudomonadota
 GCA_001639725.1,Pseudomonadota
 GCA_004362145.1,Pseudomonadota
 GCA_000192865.1,Pseudomonadota
 GCA_000214215.1,Pseudomonadota
 GCA_000521805.1,Pseudomonadota
 GCA_013372285.1,Pseudomonadota
 GCA_003259225.1,Pseudomonadota
 GCA_003721245.1,Pseudomonadota
 GCA_900129155.1,Pseudomonadota
 GCA_900089775.1,Pseudomonadota
 GCA_003387375.1,Pseudomonadota
 GCA_000153185.1,Pseudomonadota
 GCA_000423605.1,Pseudomonadota
 GCA_000940805.1,Pseudomonadota
 GCA_900156675.1,Pseudomonadota
 GCA_000422845.1,Pseudomonadota
 GCA_002864045.1,Pseudomonadota
 GCA_001647025.2,Pseudomonadota
 GCA_000710775.1,Pseudomonadota
 GCA_000364625.1,Pseudomonadota
 GCA_900105995.1,Pseudomonadota
 GCA_900188455.1,Pseudomonadota
 GCA_000759535.1,Pseudomonadota
 GCA_000425785.1,Pseudomonadota
 GCA_000731675.1,Pseudomonadota
 GCA_002021815.1,Pseudomonadota
 GCA_900536025.1,Pseudomonadota
 GCA_900497695.1,Pseudomonadota
 GCA_004025535.1,Pseudomonadota
 GCA_006438915.1,Pseudomonadota
 GCA_003732705.1,Pseudomonadota
 GCA_900106065.1,Pseudomonadota
 GCA_002813455.1,Pseudomonadota
 GCA_900105115.1,Pseudomonadota
 GCA_003945765.1,Pseudomonadota
 GCA_900105185.1,Pseudomonadota
 GCA_007858285.1,Pseudomonadota
 GCA_001439805.1,Pseudomonadota
 GCA_007858185.1,Pseudomonadota
 GCA_001439735.1,Pseudomonadota
 GCA_900111895.1,Pseudomonadota
 GCA_001647715.1,Pseudomonadota
 GCA_001870435.1,Pseudomonadota
 GCA_900105735.1,Pseudomonadota
 GCA_000585995.1,Pseudomonadota
 GCA_900475285.1,Pseudomonadota
 GCA_001043055.1,Pseudomonadota
 GCA_013385425.1,Pseudomonadota
 GCA_900475325.1,Pseudomonadota
 GCA_004364335.1,Pseudomonadota
 GCA_000759445.1,Pseudomonadota
 GCA_000761155.1,Pseudomonadota
 GCA_900101755.1,Pseudomonadota
 GCA_900104265.1,Pseudomonadota
 GCA_900142655.1,Pseudomonadota
 GCA_900112645.1,Pseudomonadota
 GCA_001839655.1,Pseudomonadota
 GCA_900100535.1,Pseudomonadota
 GCA_900113745.1,Pseudomonadota
 GCA_900105355.1,Pseudomonadota
 GCA_900110925.1,Pseudomonadota
 GCA_000498575.2,Pseudomonadota
 GCA_900115555.1,Pseudomonadota
 GCA_900188155.1,Pseudomonadota
 GCA_900100495.1,Pseudomonadota
 GCA_007830155.1,Pseudomonadota
 GCA_900099785.1,Pseudomonadota
 GCA_900103845.1,Pseudomonadota
 GCA_003935375.1,Pseudomonadota
 GCA_000495915.1,Pseudomonadota
 GCA_000802425.1,Pseudomonadota
 GCA_900115715.1,Pseudomonadota
 GCA_014191985.1,Pseudomonadota
 GCA_000421765.1,Pseudomonadota
 GCA_001580025.1,Pseudomonadota
 GCA_900104945.1,Pseudomonadota
 GCA_900105005.1,Pseudomonadota
 GCA_900115905.1,Pseudomonadota
 GCA_014219065.1,Pseudomonadota
 GCA_002903165.1,Pseudomonadota
 GCA_900114765.1,Pseudomonadota
 GCA_900105255.1,Pseudomonadota
 GCA_003402235.1,Pseudomonadota
 GCA_008064665.1,Pseudomonadota
 GCA_902705825.1,Pseudomonadota
 GCA_000764025.1,Pseudomonadota
 GCA_003752585.1,Pseudomonadota
 GCA_000373485.1,Pseudomonadota
 GCA_000422345.1,Pseudomonadota
 GCA_000420325.1,Pseudomonadota
 GCA_003688415.1,Pseudomonadota
 GCA_000153445.1,Pseudomonadota
 GCA_003762925.1,Pseudomonadota
 GCA_000423345.1,Pseudomonadota
 GCA_000377745.1,Pseudomonadota
 GCA_000305785.2,Pseudomonadota
 GCA_000013665.1,Pseudomonadota
 GCA_002157225.2,Pseudomonadota
 GCA_900107725.1,Pseudomonadota
 GCA_900129095.1,Pseudomonadota
 GCA_000380565.1,Pseudomonadota
 GCA_900100355.1,Pseudomonadota
 GCA_001750105.1,Pseudomonadota
 GCA_002009015.1,Pseudomonadota
 GCA_002959965.1,Pseudomonadota
 GCA_001444425.1,Pseudomonadota
 GCA_002954715.1,Pseudomonadota
 GCA_000953695.1,Pseudomonadota
 GCA_900233005.1,Pseudomonadota
 GCA_900107935.1,Pseudomonadota
 GCA_001274785.1,Pseudomonadota
 GCA_000967495.1,Pseudomonadota
 GCA_000808535.1,Pseudomonadota
 GCA_000711795.1,Pseudomonadota
 GCA_000189255.2,Pseudomonadota
 GCA_000257205.1,Pseudomonadota
 GCA_900163965.1,Pseudomonadota
 GCA_003026395.1,Pseudomonadota
 GCA_002216855.1,Pseudomonadota
 GCA_000772535.1,Pseudomonadota
 GCA_002921145.1,Pseudomonadota
 GCA_900454475.1,Pseudomonadota
 GCA_003096995.1,Pseudomonadota
 GCA_003130075.1,Pseudomonadota
 GCA_900186835.1,Pseudomonadota
 GCA_002850605.1,Pseudomonadota
 GCA_002795425.1,Pseudomonadota
 GCA_004346205.1,Pseudomonadota
 GCA_011455495.1,Pseudomonadota
 GCA_901764975.1,Pseudomonadota
 GCA_000374285.1,Pseudomonadota
 GCA_900636745.1,Pseudomonadota
 GCA_000276805.1,Pseudomonadota
 GCA_000482725.1,Pseudomonadota
 GCA_001420915.1,Pseudomonadota
 GCA_005222225.1,Pseudomonadota
 GCA_000378185.1,Pseudomonadota
 GCA_002499975.2,Pseudomonadota
 GCA_003367475.1,Pseudomonadota
 GCA_010500895.1,Pseudomonadota
 GCA_010500915.1,Pseudomonadota
 GCA_000808575.1,Pseudomonadota
 GCA_002993325.1,Pseudomonadota
 GCA_000213655.1,Pseudomonadota
 GCA_001758465.1,Pseudomonadota
 GCA_000226565.1,Pseudomonadota
 GCA_000429145.1,Pseudomonadota
 GCA_000314975.1,Pseudomonadota
 GCA_001565895.1,Pseudomonadota
 GCA_000315055.1,Pseudomonadota
 GCA_009906955.1,Pseudomonadota
 GCA_000314955.1,Pseudomonadota
 GCA_003987015.1,Pseudomonadota
 GCA_003987335.1,Pseudomonadota
 GCA_003986955.1,Pseudomonadota
 GCA_003986975.1,Pseudomonadota
 GCA_900116895.1,Pseudomonadota
 GCA_003987045.1,Pseudomonadota
 GCA_004214835.1,Pseudomonadota
 GCA_900104245.1,Pseudomonadota
 GCA_003987225.1,Pseudomonadota
 GCA_003987395.1,Pseudomonadota
 GCA_003987065.1,Pseudomonadota
 GCA_003987435.1,Pseudomonadota
 GCA_003987355.1,Pseudomonadota
 GCA_000753715.1,Pseudomonadota
 GCA_003987255.1,Pseudomonadota
 GCA_900100855.1,Pseudomonadota
 GCA_003987275.1,Pseudomonadota
 GCA_003987475.1,Pseudomonadota
 GCA_007289895.1,Pseudomonadota
 GCA_000568405.1,Pseudomonadota
 GCA_000374485.1,Pseudomonadota
 GCA_012641745.1,Pseudomonadota
 GCA_001854475.1,Pseudomonadota
 GCA_001641615.1,Pseudomonadota
 GCA_001550155.1,Pseudomonadota
 GCA_900116435.1,Pseudomonadota
 GCA_007988745.1,Pseudomonadota
 GCA_002310835.1,Pseudomonadota
 GCA_001661495.1,Pseudomonadota
 GCA_900112265.1,Pseudomonadota
 GCA_000272005.1,Pseudomonadota
 GCA_000382165.1,Pseudomonadota
 GCA_000425345.1,Pseudomonadota
 GCA_900108485.1,Pseudomonadota
 GCA_001752395.1,Pseudomonadota
 GCA_002104515.1,Pseudomonadota
 GCA_002104535.1,Pseudomonadota
 GCA_002104475.1,Pseudomonadota
 GCA_000948975.1,Pseudomonadota
 GCA_000948985.1,Pseudomonadota
 GCA_900111755.1,Pseudomonadota
 GCA_003390335.1,Pseudomonadota
 GCA_001831495.1,Pseudomonadota
 GCA_005843925.1,Pseudomonadota
 GCA_002165625.1,Pseudomonadota
 GCA_000518805.1,Pseudomonadota
 GCA_003605125.1,Pseudomonadota
 GCA_007197645.1,Pseudomonadota
 GCA_003966265.1,Pseudomonadota
 GCA_003966225.1,Pseudomonadota
 GCA_000518605.1,Pseudomonadota
 GCA_900456975.1,Pseudomonadota
 GCA_003855395.1,Pseudomonadota
 GCA_000820085.1,Pseudomonadota
 GCA_000820165.1,Pseudomonadota
 GCA_000820185.2,Pseudomonadota
 GCA_000819865.1,Pseudomonadota
 GCA_000820025.1,Pseudomonadota
 GCA_000820145.1,Pseudomonadota
 GCA_000820305.1,Pseudomonadota
 GCA_000820045.1,Pseudomonadota
 GCA_002242685.1,Pseudomonadota
 GCA_000381965.1,Pseudomonadota
 GCA_002936955.1,Pseudomonadota
 GCA_003148745.1,Pseudomonadota
 GCA_000981765.1,Pseudomonadota
 GCA_003194565.1,Pseudomonadota
 GCA_000756815.1,Pseudomonadota
 GCA_900639985.1,Pseudomonadota
 GCA_000162755.2,Pseudomonadota
 GCA_000379445.1,Pseudomonadota
 GCA_900460955.1,Pseudomonadota
 GCA_001889065.1,Pseudomonadota
 GCA_000510805.1,Pseudomonadota
 GCA_000483485.1,Pseudomonadota
 GCA_000381085.1,Pseudomonadota
 GCA_000214825.1,Pseudomonadota
 GCA_003664325.1,Pseudomonadota
 GCA_000374645.1,Pseudomonadota
 GCA_000153205.1,Pseudomonadota
 GCA_004341245.1,Pseudomonadota
 GCA_000733765.1,Pseudomonadota
 GCA_000420645.1,Pseudomonadota
 GCA_000711955.1,Pseudomonadota
 GCA_004364935.1,Pseudomonadota
 GCA_000271305.1,Pseudomonadota
 GCA_900129825.1,Pseudomonadota
 GCA_000382285.1,Pseudomonadota
 GCA_000426685.1,Pseudomonadota
 GCA_000474945.1,Pseudomonadota
 GCA_003201205.1,Pseudomonadota
 GCA_900113085.1,Pseudomonadota
 GCA_003788585.1,Pseudomonadota
 GCA_000732535.1,Pseudomonadota
 GCA_003788635.1,Pseudomonadota
 GCA_001579945.1,Pseudomonadota
 GCA_012395255.1,Pseudomonadota
 GCA_000761445.1,Pseudomonadota
 GCA_011759365.1,Pseudomonadota
 GCA_000242255.3,Pseudomonadota
 GCA_001641285.1,Pseudomonadota
 GCA_000334915.1,Pseudomonadota
 GCA_900112865.1,Pseudomonadota
 GCA_004322705.1,Pseudomonadota
 GCA_001010355.1,Pseudomonadota
 GCA_000264315.1,Pseudomonadota
 GCA_000264295.1,Pseudomonadota
 GCA_900115705.1,Pseudomonadota
 GCA_000378125.1,Pseudomonadota
 GCA_004363655.1,Pseudomonadota
 GCA_900115085.1,Pseudomonadota
 GCA_001632775.1,Pseudomonadota
 GCA_014138265.1,Pseudomonadota
 GCA_900101825.1,Pseudomonadota
 GCA_014202825.1,Pseudomonadota
 GCA_014202935.1,Pseudomonadota
 GCA_000747155.1,Pseudomonadota
 GCA_007993735.1,Pseudomonadota
 GCA_000743535.1,Pseudomonadota
 GCA_000747075.1,Pseudomonadota
 GCA_000429065.1,Pseudomonadota
 GCA_010093305.1,Pseudomonadota
 GCA_010093345.1,Pseudomonadota
 GCA_001431405.1,Pseudomonadota
 GCA_010093385.1,Pseudomonadota
 GCA_010093445.1,Pseudomonadota
 GCA_010211745.1,Pseudomonadota
 GCA_003703395.1,Pseudomonadota
 GCA_000454545.1,Pseudomonadota
 GCA_001431525.1,Pseudomonadota
 GCA_001431485.1,Pseudomonadota
 GCA_001431425.1,Pseudomonadota
 GCA_001431505.1,Pseudomonadota
 GCA_001431415.1,Pseudomonadota
 GCA_001431465.1,Pseudomonadota
 GCA_900186865.1,Pseudomonadota
 GCA_001431535.1,Pseudomonadota
 GCA_013185915.1,Pseudomonadota
 GCA_003651185.1,Pseudomonadota
 GCA_010093135.1,Pseudomonadota
 GCA_014202435.1,Pseudomonadota
 GCA_010093225.1,Pseudomonadota
 GCA_010211765.1,Pseudomonadota
 GCA_010093205.1,Pseudomonadota
 GCA_000972865.1,Pseudomonadota
 GCA_001442805.1,Pseudomonadota
 GCA_006546775.1,Pseudomonadota
 GCA_000768335.1,Pseudomonadota
 GCA_000768345.1,Pseudomonadota
 GCA_900167055.1,Pseudomonadota
 GCA_000768355.1,Pseudomonadota
 GCA_007830115.1,Pseudomonadota
 GCA_000770795.1,Pseudomonadota
 GCA_007830035.1,Pseudomonadota
 GCA_007859325.1,Pseudomonadota
 GCA_004358165.1,Pseudomonadota
 GCA_000559025.1,Pseudomonadota
 GCA_004352845.1,Pseudomonadota
 GCA_004352825.1,Pseudomonadota
 GCA_000422305.1,Pseudomonadota
 GCA_900129205.1,Pseudomonadota
 GCA_900155935.1,Pseudomonadota
 GCA_004343305.1,Pseudomonadota
 GCA_001753165.1,Pseudomonadota
 GCA_000377945.1,Pseudomonadota
 GCA_004339015.1,Pseudomonadota
 GCA_002746895.1,Pseudomonadota
 GCA_900107695.1,Pseudomonadota
 GCA_000801295.1,Pseudomonadota
 GCA_002189065.1,Pseudomonadota
 GCA_000733935.1,Pseudomonadota
 GCA_001644015.1,Pseudomonadota
 GCA_000733855.1,Pseudomonadota
 GCA_000527095.1,Pseudomonadota
 GCA_000372865.1,Pseudomonadota
 GCA_000496735.2,Pseudomonadota
 GCA_002923755.1,Pseudomonadota
 GCA_000384075.1,Pseudomonadota
 GCA_000383855.1,Pseudomonadota
 GCA_000968535.1,Pseudomonadota
 GCA_000421465.1,Pseudomonadota
 GCA_000424685.1,Pseudomonadota
 GCA_003584645.1,Pseudomonadota
 GCA_000427385.1,Pseudomonadota
 GCA_002356355.1,Pseudomonadota
 GCA_900112605.1,Pseudomonadota
 GCA_004421105.1,Pseudomonadota
 GCA_000024725.1,Pseudomonadota
 GCA_000143085.1,Pseudomonadota
 GCA_000260965.1,Pseudomonadota
 GCA_000349205.1,Pseudomonadota
 GCA_900114205.1,Pseudomonadota
 GCA_011052985.1,Pseudomonadota
 GCA_000014865.1,Pseudomonadota
 GCA_001895085.1,Pseudomonadota
 GCA_000255355.1,Pseudomonadota
 GCA_000828125.2,Pseudomonadota
 GCA_000018205.1,Pseudomonadota
 GCA_000024505.1,Pseudomonadota
 GCA_000022525.1,Pseudomonadota
 GCA_000013165.1,Pseudomonadota
 GCA_000688235.1,Pseudomonadota
 GCA_000763295.1,Pseudomonadota
 GCA_003326795.1,Pseudomonadota
 GCA_900167455.1,Pseudomonadota
 GCA_007992495.1,Pseudomonadota
 GCA_012720115.1,Pseudomonadota
 GCA_000616095.1,Pseudomonadota
 GCA_009882935.1,Pseudomonadota
 GCA_001550065.1,Pseudomonadota
 GCA_003688555.1,Pseudomonadota
 GCA_000585415.1,Pseudomonadota
 GCA_011927725.1,Pseudomonadota
 GCA_000711715.1,Pseudomonadota
 GCA_009363895.1,Pseudomonadota
 GCA_014489515.1,Pseudomonadota
 GCA_014195685.1,Pseudomonadota
 GCA_900177405.1,Pseudomonadota
 GCA_003012815.1,Pseudomonadota
 GCA_003385775.1,Pseudomonadota
 GCA_000218875.1,Pseudomonadota
 GCA_003391115.1,Pseudomonadota
 GCA_900113315.1,Pseudomonadota
 GCA_900188165.1,Pseudomonadota
 GCA_003034225.1,Pseudomonadota
 GCA_002355275.1,Pseudomonadota
 GCA_900167915.1,Pseudomonadota
 GCA_000974765.1,Pseudomonadota
 GCA_003240855.1,Pseudomonadota
 GCA_014199215.1,Pseudomonadota
 GCA_014200045.1,Pseudomonadota
 GCA_014196495.1,Pseudomonadota
 GCA_008710155.1,Pseudomonadota
 GCA_000382885.1,Pseudomonadota
 GCA_004152865.1,Pseudomonadota
 GCA_014197035.1,Pseudomonadota
 GCA_013393185.1,Pseudomonadota
 GCA_001598335.1,Pseudomonadota
 GCA_003967075.1,Pseudomonadota
 GCA_000445065.1,Pseudomonadota
 GCA_011762025.1,Pseudomonadota
 GCA_002080435.1,Pseudomonadota
 GCA_001005725.1,Pseudomonadota
 GCA_000722875.1,Pseudomonadota
 GCA_000264945.2,Pseudomonadota
 GCA_900100475.1,Pseudomonadota
 GCA_001456115.1,Pseudomonadota
 GCA_002355855.1,Pseudomonadota
 GCA_000447205.1,Pseudomonadota
 GCA_014196635.1,Pseudomonadota
 GCA_000013985.1,Pseudomonadota
 GCA_011926545.1,Pseudomonadota
 GCA_000803645.1,Pseudomonadota
 GCA_002205675.1,Pseudomonadota
 GCA_002205635.1,Pseudomonadota
 GCA_900188185.1,Pseudomonadota
 GCA_014199295.1,Pseudomonadota
 GCA_000420305.1,Pseudomonadota
 GCA_900128895.1,Pseudomonadota
 GCA_003431825.1,Pseudomonadota
 GCA_013607875.1,Pseudomonadota
 GCA_003201955.1,Pseudomonadota
 GCA_009827305.1,Pseudomonadota
 GCA_009827435.1,Pseudomonadota
 GCA_009828065.1,Pseudomonadota
 GCA_001687545.1,Pseudomonadota
 GCA_009827575.1,Pseudomonadota
 GCA_001281485.1,Pseudomonadota
 GCA_000715015.1,Pseudomonadota
 GCA_002155695.1,Pseudomonadota
 GCA_000422985.1,Pseudomonadota
 GCA_900143235.1,Pseudomonadota
 GCA_001028625.1,Pseudomonadota
 GCA_009827295.1,Pseudomonadota
 GCA_009828015.1,Pseudomonadota
 GCA_011762005.1,Pseudomonadota
 GCA_000756795.1,Pseudomonadota
 GCA_900115585.1,Pseudomonadota
 GCA_009827445.1,Pseudomonadota
 GCA_003958625.1,Pseudomonadota
 GCA_009827495.1,Pseudomonadota
 GCA_009828115.1,Pseudomonadota
 GCA_009827615.1,Pseudomonadota
 GCA_009828095.1,Pseudomonadota
 GCA_009827395.1,Pseudomonadota
 GCA_009827545.1,Pseudomonadota
 GCA_009827405.1,Pseudomonadota
 GCA_003605195.1,Pseudomonadota
 GCA_001886695.1,Pseudomonadota
 GCA_003605475.1,Pseudomonadota
 GCA_001021555.1,Pseudomonadota
 GCA_009827335.1,Pseudomonadota
 GCA_009828105.1,Pseudomonadota
 GCA_009827595.1,Pseudomonadota
 GCA_003958635.1,Pseudomonadota
 GCA_001661915.1,Pseudomonadota
 GCA_001661675.2,Pseudomonadota
 GCA_001661965.1,Pseudomonadota
 GCA_001590985.1,Pseudomonadota
 GCA_900168325.1,Pseudomonadota
 GCA_002896965.1,Pseudomonadota
 GCA_001742225.1,Pseudomonadota
 GCA_002149965.1,Pseudomonadota
 GCA_000445125.1,Pseudomonadota
 GCA_001598555.1,Pseudomonadota
 GCA_001519075.1,Pseudomonadota
 GCA_000429005.1,Pseudomonadota
 GCA_000192575.1,Pseudomonadota
 GCA_001598375.1,Pseudomonadota
 GCA_000013325.1,Pseudomonadota
 GCA_000807925.1,Pseudomonadota
 GCA_007830315.1,Pseudomonadota
 GCA_014196055.1,Pseudomonadota
 GCA_001590965.1,Pseudomonadota
 GCA_001717955.1,Pseudomonadota
 GCA_006439055.1,Pseudomonadota
 GCA_000241465.1,Pseudomonadota
 GCA_014171475.1,Pseudomonadota
 GCA_003550065.1,Pseudomonadota
 GCA_001598415.1,Pseudomonadota
 GCA_001598355.1,Pseudomonadota
 GCA_001598455.1,Pseudomonadota
 GCA_001981525.1,Pseudomonadota
 GCA_002197685.1,Pseudomonadota
 GCA_002197665.1,Pseudomonadota
 GCA_002374855.1,Pseudomonadota
 GCA_001476895.1,Pseudomonadota
 GCA_000427645.1,Pseudomonadota
 GCA_003046295.1,Pseudomonadota
 GCA_003053745.1,Pseudomonadota
 GCA_006438955.1,Pseudomonadota
 GCA_900115745.1,Pseudomonadota
 GCA_014199625.1,Pseudomonadota
 GCA_014197105.1,Pseudomonadota
 GCA_014199595.1,Pseudomonadota
 GCA_001477495.1,Pseudomonadota
 GCA_000787715.1,Pseudomonadota
 GCA_014196255.1,Pseudomonadota
 GCA_009789535.1,Pseudomonadota
 GCA_014196115.1,Pseudomonadota
 GCA_011927635.1,Pseudomonadota
 GCA_001598435.1,Pseudomonadota
 GCA_002091475.1,Pseudomonadota
 GCA_011761945.1,Pseudomonadota
 GCA_001591025.1,Pseudomonadota
 GCA_014199255.1,Pseudomonadota
 GCA_004361835.1,Pseudomonadota
 GCA_014199335.1,Pseudomonadota
 GCA_006346325.1,Pseudomonadota
 GCA_002351485.1,Pseudomonadota
 GCA_001619955.1,Pseudomonadota
 GCA_003634215.1,Pseudomonadota
 GCA_014199685.1,Pseudomonadota
 GCA_001295935.1,Pseudomonadota
 GCA_000420765.1,Pseudomonadota
 GCA_000017565.1,Pseudomonadota
 GCA_000739695.1,Pseudomonadota
 GCA_000469155.1,Pseudomonadota
 GCA_000496075.1,Pseudomonadota
 GCA_000374525.1,Pseudomonadota
 GCA_900148505.1,Pseudomonadota
 GCA_900114245.1,Pseudomonadota
 GCA_900142725.1,Pseudomonadota
 GCA_009711415.1,Pseudomonadota
 GCA_001999245.1,Pseudomonadota
 GCA_002906165.1,Pseudomonadota
 GCA_001418225.1,Pseudomonadota
 GCA_000423705.1,Pseudomonadota
 GCA_000422965.1,Pseudomonadota
 GCA_000425185.1,Pseudomonadota
 GCA_004362745.1,Pseudomonadota
 GCA_001927285.1,Pseudomonadota
 GCA_001720135.1,Pseudomonadota
 GCA_900129325.1,Pseudomonadota
 GCA_014196455.1,Pseudomonadota
 GCA_000380505.1,Pseudomonadota
 GCA_000423225.1,Pseudomonadota
 GCA_000336555.1,Pseudomonadota
 GCA_001006325.2,Pseudomonadota
 GCA_000308295.2,Pseudomonadota
 GCA_001618955.1,Pseudomonadota
 GCA_000344805.1,Pseudomonadota
 GCA_008123515.1,Pseudomonadota
 GCA_004123905.1,Pseudomonadota
 GCA_009759665.1,Pseudomonadota
 GCA_004114425.1,Pseudomonadota
 GCA_004114915.1,Pseudomonadota
 GCA_007830635.1,Pseudomonadota
 GCA_001982635.1,Pseudomonadota
 GCA_000013885.1,Pseudomonadota
 GCA_003367395.1,Pseudomonadota
 GCA_003258865.1,Pseudomonadota
 GCA_004346185.1,Pseudomonadota
 GCA_000473085.1,Pseudomonadota
 GCA_000010525.1,Pseudomonadota
 GCA_014195655.1,Pseudomonadota
 GCA_900100155.1,Pseudomonadota
 GCA_010669125.1,Pseudomonadota
 GCA_014196425.1,Pseudomonadota
 GCA_004103825.1,Pseudomonadota
 GCA_014195635.1,Pseudomonadota
 GCA_011762225.1,Pseudomonadota
 GCA_004342915.1,Pseudomonadota
 GCA_014138435.1,Pseudomonadota
 GCA_007992195.1,Pseudomonadota
 GCA_900114375.1,Pseudomonadota
 GCA_007992215.1,Pseudomonadota
 GCA_014196345.1,Pseudomonadota
 GCA_007992175.1,Pseudomonadota
 GCA_900113485.1,Pseudomonadota
 GCA_001043975.1,Pseudomonadota
 GCA_001043955.1,Pseudomonadota
 GCA_001653715.1,Pseudomonadota
 GCA_000022085.1,Pseudomonadota
 GCA_003332305.1,Pseudomonadota
 GCA_000262405.1,Pseudomonadota
 GCA_000517005.1,Pseudomonadota
 GCA_014191055.1,Pseudomonadota
 GCA_900102135.1,Pseudomonadota
 GCA_900108245.1,Pseudomonadota
 GCA_900102525.1,Pseudomonadota
 GCA_900109525.1,Pseudomonadota
 GCA_003722355.1,Pseudomonadota
 GCA_004802635.2,Pseudomonadota
 GCA_002117405.1,Pseudomonadota
 GCA_900114285.1,Pseudomonadota
 GCA_002891535.1,Pseudomonadota
 GCA_901905185.2,Pseudomonadota
 GCA_000746085.1,Pseudomonadota
 GCA_000427445.1,Pseudomonadota
 GCA_000019845.1,Pseudomonadota
 GCA_003315135.1,Pseudomonadota
 GCA_005144885.1,Pseudomonadota
 GCA_003046185.1,Pseudomonadota
 GCA_008330945.1,Pseudomonadota
 GCA_002982075.1,Pseudomonadota
 GCA_010500835.1,Pseudomonadota
 GCA_008801715.1,Pseudomonadota
 GCA_003314995.1,Pseudomonadota
 GCA_014205685.1,Pseudomonadota
 GCA_902825325.1,Pseudomonadota
 GCA_005938105.1,Pseudomonadota
 GCA_003259955.1,Pseudomonadota
 GCA_002252505.1,Pseudomonadota
 GCA_002252475.1,Pseudomonadota
 GCA_006476605.1,Pseudomonadota
 GCA_014192095.1,Pseudomonadota
 GCA_003337575.1,Pseudomonadota
 GCA_002980555.1,Pseudomonadota
 GCA_003217235.1,Pseudomonadota
 GCA_014203215.1,Pseudomonadota
 GCA_000312565.2,Pseudomonadota
 GCA_000312585.1,Pseudomonadota
 GCA_000312545.1,Pseudomonadota
 GCA_009936175.1,Pseudomonadota
 GCA_011317445.1,Pseudomonadota
 GCA_013240295.1,Pseudomonadota
 GCA_900113935.1,Pseudomonadota
 GCA_001889605.1,Pseudomonadota
 GCA_900177325.1,Pseudomonadota
 GCA_900114255.1,Pseudomonadota
 GCA_002284575.1,Pseudomonadota
 GCA_900099905.1,Pseudomonadota
 GCA_002284565.1,Pseudomonadota
 GCA_007830515.1,Pseudomonadota
 GCA_003034915.1,Pseudomonadota
 GCA_000350085.1,Pseudomonadota
 GCA_014207355.1,Pseudomonadota
 GCA_000176035.2,Pseudomonadota
 GCA_014189455.1,Pseudomonadota
 GCA_000009625.1,Pseudomonadota
 GCA_900103325.1,Pseudomonadota
 GCA_001510895.1,Pseudomonadota
 GCA_014201615.1,Pseudomonadota
 GCA_002075885.1,Pseudomonadota
 GCA_014138625.1,Pseudomonadota
 GCA_003148475.1,Pseudomonadota
 GCA_000236565.2,Pseudomonadota
 GCA_000374465.1,Pseudomonadota
 GCA_001293565.1,Pseudomonadota
 GCA_004331955.1,Pseudomonadota
 GCA_007992095.1,Pseudomonadota
 GCA_003337715.1,Pseudomonadota
 GCA_004912165.1,Pseudomonadota
 GCA_000621665.1,Pseudomonadota
 GCA_001939045.1,Pseudomonadota
 GCA_000732195.1,Pseudomonadota
 GCA_002968635.1,Pseudomonadota
 GCA_002968575.1,Pseudomonadota
 GCA_902153245.3,Pseudomonadota
 GCA_014196515.1,Pseudomonadota
 GCA_900099775.1,Pseudomonadota
 GCA_014196505.1,Pseudomonadota
 GCA_001542405.1,Pseudomonadota
 GCA_000312665.1,Pseudomonadota
 GCA_000577275.2,Pseudomonadota
 GCA_002531755.2,Pseudomonadota
 GCA_003240585.1,Pseudomonadota
 GCA_003627755.1,Pseudomonadota
 GCA_900094555.1,Pseudomonadota
 GCA_900094585.1,Pseudomonadota
 GCA_008370325.1,Pseudomonadota
 GCA_000359745.1,Pseudomonadota
 GCA_014196535.1,Pseudomonadota
 GCA_003574625.1,Pseudomonadota
 GCA_009827055.1,Pseudomonadota
 GCA_004341885.1,Pseudomonadota
 GCA_001885585.1,Pseudomonadota
 GCA_001931685.1,Pseudomonadota
 GCA_008932245.1,Pseudomonadota
 GCA_000427465.1,Pseudomonadota
 GCA_001651875.1,Pseudomonadota
 GCA_002078505.1,Pseudomonadota
 GCA_001651865.1,Pseudomonadota
 GCA_004342225.1,Pseudomonadota
 GCA_004354915.1,Pseudomonadota
 GCA_000154705.2,Pseudomonadota
 GCA_003182275.1,Pseudomonadota
 GCA_003992625.1,Pseudomonadota
 GCA_003994485.1,Pseudomonadota
 GCA_000969415.1,Pseudomonadota
 GCA_000743575.1,Pseudomonadota
 GCA_900116545.1,Pseudomonadota
 GCA_014197055.1,Pseudomonadota
 GCA_001650025.1,Pseudomonadota
 GCA_000969445.1,Pseudomonadota
 GCA_000971295.1,Pseudomonadota
 GCA_000971275.1,Pseudomonadota
 GCA_003056345.1,Pseudomonadota
 GCA_000429865.1,Pseudomonadota
 GCA_004363175.1,Pseudomonadota
 GCA_013626205.1,Pseudomonadota
 GCA_000230975.3,Pseudomonadota
 GCA_000383415.1,Pseudomonadota
 GCA_900104305.1,Pseudomonadota
 GCA_013306565.1,Pseudomonadota
 GCA_001708935.1,Pseudomonadota
 GCA_000374145.1,Pseudomonadota
 GCA_900107585.1,Pseudomonadota
 GCA_900113695.1,Pseudomonadota
 GCA_900106695.1,Pseudomonadota
 GCA_014201905.1,Pseudomonadota
 GCA_002860325.1,Pseudomonadota
 GCA_900142295.1,Pseudomonadota
 GCA_900112335.1,Pseudomonadota
 GCA_900188335.1,Pseudomonadota
 GCA_003003255.1,Pseudomonadota
 GCA_900172235.1,Pseudomonadota
 GCA_900109955.1,Pseudomonadota
 GCA_007004645.1,Pseudomonadota
 GCA_000812665.2,Pseudomonadota
 GCA_001550095.1,Pseudomonadota
 GCA_003050785.1,Pseudomonadota
 GCA_900113955.1,Pseudomonadota
 GCA_001308265.1,Pseudomonadota
 GCA_900109555.1,Pseudomonadota
 GCA_003814915.1,Pseudomonadota
 GCA_002285415.1,Pseudomonadota
 GCA_002285435.1,Pseudomonadota
 GCA_000647975.1,Pseudomonadota
 GCA_004345735.1,Pseudomonadota
 GCA_009649175.1,Pseudomonadota
 GCA_004342445.1,Pseudomonadota
 GCA_900108275.1,Pseudomonadota
 GCA_001458295.1,Pseudomonadota
 GCA_900182615.1,Pseudomonadota
 GCA_900129345.1,Pseudomonadota
 GCA_001518015.1,Pseudomonadota
 GCA_003003215.1,Pseudomonadota
 GCA_900102795.1,Pseudomonadota
 GCA_001888185.1,Pseudomonadota
 GCA_000473205.1,Pseudomonadota
 GCA_002087335.1,Pseudomonadota
 GCA_000473165.1,Pseudomonadota
 GCA_000473325.1,Pseudomonadota
 GCA_900109035.1,Pseudomonadota
 GCA_002222635.1,Pseudomonadota
 GCA_003054325.1,Pseudomonadota
 GCA_900113435.1,Pseudomonadota
 GCA_900102535.1,Pseudomonadota
 GCA_900116285.1,Pseudomonadota
 GCA_900103185.1,Pseudomonadota
 GCA_014337925.1,Pseudomonadota
 GCA_012932215.1,Pseudomonadota
 GCA_002115725.1,Pseudomonadota
 GCA_900129875.1,Pseudomonadota
 GCA_000153725.1,Pseudomonadota
 GCA_900102075.1,Pseudomonadota
 GCA_900116195.1,Pseudomonadota
 GCA_000442255.1,Pseudomonadota
 GCA_003208435.1,Pseudomonadota
 GCA_900188425.1,Pseudomonadota
 GCA_900184945.1,Pseudomonadota
 GCA_014196795.1,Pseudomonadota
 GCA_000169415.1,Pseudomonadota
 GCA_900176475.1,Pseudomonadota
 GCA_003054175.1,Pseudomonadota
 GCA_900107235.1,Pseudomonadota
 GCA_000521785.1,Pseudomonadota
 GCA_900109705.1,Pseudomonadota
 GCA_000521865.1,Pseudomonadota
 GCA_900115815.1,Pseudomonadota
 GCA_900156805.1,Pseudomonadota
 GCA_900108225.1,Pseudomonadota
 GCA_900188035.1,Pseudomonadota
 GCA_007923445.1,Pseudomonadota
 GCA_004342065.1,Pseudomonadota
 GCA_000152725.1,Pseudomonadota
 GCA_000688295.1,Pseudomonadota
 GCA_900182725.1,Pseudomonadota
 GCA_900110775.1,Pseudomonadota
 GCA_900142765.1,Pseudomonadota
 GCA_900172255.1,Pseudomonadota
 GCA_900142665.1,Pseudomonadota
 GCA_001441615.1,Pseudomonadota
 GCA_002917925.1,Pseudomonadota
 GCA_004761875.1,Pseudomonadota
 GCA_900142625.1,Pseudomonadota
 GCA_900115165.1,Pseudomonadota
 GCA_002080415.1,Pseudomonadota
 GCA_900109455.1,Pseudomonadota
 GCA_900156535.1,Pseudomonadota
 GCA_900172335.1,Pseudomonadota
 GCA_900107355.1,Pseudomonadota
 GCA_900142085.1,Pseudomonadota
 GCA_005518135.1,Pseudomonadota
 GCA_001458175.1,Pseudomonadota
 GCA_900114415.1,Pseudomonadota
 GCA_004346865.1,Pseudomonadota
 GCA_003014475.1,Pseudomonadota
 GCA_900129685.1,Pseudomonadota
 GCA_900110425.1,Pseudomonadota
 GCA_002105285.1,Pseudomonadota
 GCA_000472185.1,Pseudomonadota
 GCA_900115865.1,Pseudomonadota
 GCA_003003355.1,Pseudomonadota
 GCA_001187845.1,Pseudomonadota
 GCA_000155675.2,Pseudomonadota
 GCA_000153305.1,Pseudomonadota
 GCA_900141735.1,Pseudomonadota
 GCA_000379485.1,Pseudomonadota
 GCA_002723615.1,Pseudomonadota
 GCA_900172345.1,Pseudomonadota
 GCA_900102015.1,Pseudomonadota
 GCA_003217255.1,Pseudomonadota
 GCA_000442315.1,Pseudomonadota
 GCA_006152145.1,Pseudomonadota
 GCA_000600335.2,Pseudomonadota
 GCA_011806565.1,Pseudomonadota
 GCA_900184895.1,Pseudomonadota
 GCA_900110065.1,Pseudomonadota
 GCA_900128995.1,Pseudomonadota
 GCA_900114485.1,Pseudomonadota
 GCA_900114675.1,Pseudomonadota
 GCA_900156505.1,Pseudomonadota
 GCA_003058085.1,Pseudomonadota
 GCA_900115105.1,Pseudomonadota
 GCA_002933395.1,Pseudomonadota
 GCA_002158905.1,Pseudomonadota
 GCA_900129845.1,Pseudomonadota
 GCA_001049735.1,Pseudomonadota
 GCA_004365635.1,Pseudomonadota
 GCA_900129235.1,Pseudomonadota
 GCA_003663885.1,Pseudomonadota
 GCA_900107015.1,Pseudomonadota
 GCA_900111945.1,Pseudomonadota
 GCA_000442275.2,Pseudomonadota
 GCA_003054285.1,Pseudomonadota
 GCA_000018145.1,Pseudomonadota
 GCA_000590925.1,Pseudomonadota
 GCA_001879695.1,Pseudomonadota
 GCA_000877395.1,Pseudomonadota
 GCA_900107415.1,Pseudomonadota
 GCA_001403795.1,Pseudomonadota
 GCA_900109285.1,Pseudomonadota
 GCA_900113875.1,Pseudomonadota
 GCA_001408515.1,Pseudomonadota
 GCA_001458315.1,Pseudomonadota
 GCA_003003095.1,Pseudomonadota
 GCA_900115595.1,Pseudomonadota
 GCA_002751875.1,Pseudomonadota
 GCA_009835145.1,Pseudomonadota
 GCA_003253995.1,Pseudomonadota
 GCA_900141995.1,Pseudomonadota
 GCA_900110115.1,Pseudomonadota
 GCA_900172315.1,Pseudomonadota
 GCA_900106675.1,Pseudomonadota
 GCA_001202025.1,Pseudomonadota
 GCA_001202035.1,Pseudomonadota
 GCA_007859075.1,Pseudomonadota
 GCA_000429765.1,Pseudomonadota
 GCA_004054105.1,Pseudomonadota
 GCA_000763805.1,Pseudomonadota
 GCA_002105555.1,Pseudomonadota
 GCA_900108405.1,Pseudomonadota
 GCA_900142875.1,Pseudomonadota
 GCA_900102885.1,Pseudomonadota
 GCA_007018965.1,Pseudomonadota
 GCA_000444995.1,Pseudomonadota
 GCA_900156255.1,Pseudomonadota
 GCA_009301415.1,Pseudomonadota
 GCA_001546115.1,Pseudomonadota
 GCA_900182695.1,Pseudomonadota
 GCA_005048265.1,Pseudomonadota
 GCA_003594815.1,Pseudomonadota
 GCA_900102505.1,Pseudomonadota
 GCA_003255745.1,Pseudomonadota
 GCA_900188295.1,Pseudomonadota
 GCA_900111675.1,Pseudomonadota
 GCA_900199195.1,Pseudomonadota
 GCA_003709565.1,Pseudomonadota
 GCA_900110285.1,Pseudomonadota
 GCA_900101865.1,Pseudomonadota
 GCA_003034995.1,Pseudomonadota
 GCA_000714535.1,Pseudomonadota
 GCA_001940525.2,Pseudomonadota
 GCA_000714545.1,Pseudomonadota
 GCA_002973535.1,Pseudomonadota
 GCA_900499075.1,Pseudomonadota
 GCA_900102905.1,Pseudomonadota
 GCA_900231835.1,Pseudomonadota
 GCA_002105465.1,Pseudomonadota
 GCA_002088945.1,Pseudomonadota
 GCA_003576245.1,Pseudomonadota
 GCA_003576345.1,Pseudomonadota
 GCA_000376805.1,Pseudomonadota
 GCA_002088935.1,Pseudomonadota
 GCA_000685295.1,Pseudomonadota
 GCA_000685275.1,Pseudomonadota
 GCA_000013025.1,Pseudomonadota
 GCA_000420665.1,Pseudomonadota
 GCA_000378345.1,Pseudomonadota
 GCA_000023785.1,Pseudomonadota
 GCA_003254705.1,Pseudomonadota
 GCA_001375595.1,Pseudomonadota
 GCA_002310375.3,Pseudomonadota
 GCA_010977555.1,Pseudomonadota
 GCA_001414055.1,Pseudomonadota
 GCA_002749615.1,Pseudomonadota
 GCA_003966695.1,Pseudomonadota
 GCA_000204015.1,Pseudomonadota
 GCA_900100255.1,Pseudomonadota
 GCA_000466985.1,Pseudomonadota
 GCA_003730275.1,Pseudomonadota
 GCA_000144605.1,Pseudomonadota
 GCA_000701445.1,Pseudomonadota
 GCA_014199945.1,Pseudomonadota
 GCA_014202075.1,Pseudomonadota
 GCA_900116065.1,Pseudomonadota
 GCA_014196125.1,Pseudomonadota
 GCA_004614235.1,Pseudomonadota
 GCA_014199955.1,Pseudomonadota
 GCA_011761985.1,Pseudomonadota
 GCA_003350205.1,Pseudomonadota
 GCA_000365025.1,Pseudomonadota
 GCA_000428525.1,Pseudomonadota
 GCA_900103475.1,Pseudomonadota
 GCA_004793635.1,Pseudomonadota
 GCA_000420265.1,Pseudomonadota
 GCA_000382325.1,Pseudomonadota
 GCA_009712425.2,Pseudomonadota
 GCA_000733125.1,Pseudomonadota
 GCA_000152825.2,Pseudomonadota
 GCA_003173055.1,Pseudomonadota
 GCA_000427665.1,Pseudomonadota
 GCA_002251735.1,Pseudomonadota
 GCA_004363235.1,Pseudomonadota
 GCA_008365375.1,Pseudomonadota
 GCA_000576635.1,Pseudomonadota
 GCA_000429645.1,Pseudomonadota
 GCA_001296005.1,Pseudomonadota
 GCA_007828035.1,Pseudomonadota
 GCA_002195995.1,Pseudomonadota
 GCA_900100655.1,Pseudomonadota
 GCA_011683915.1,Pseudomonadota
 GCA_000374005.1,Pseudomonadota
 GCA_900156605.1,Pseudomonadota
 GCA_002937115.1,Pseudomonadota
 GCA_002005465.1,Pseudomonadota
 GCA_004346035.1,Pseudomonadota
 GCA_000378165.1,Pseudomonadota
 GCA_002723955.1,Pseudomonadota
 GCA_002723935.1,Pseudomonadota
 GCA_006539125.1,Pseudomonadota
 GCA_000234355.2,Pseudomonadota
 GCA_011516925.1,Pseudomonadota
 GCA_002738225.1,Pseudomonadota
 GCA_000429165.1,Pseudomonadota
 GCA_000613305.1,Pseudomonadota
 GCA_003207855.1,Pseudomonadota
 GCA_003207815.1,Pseudomonadota
 GCA_000964425.1,Pseudomonadota
 GCA_004302915.1,Pseudomonadota
 GCA_003207865.1,Pseudomonadota
 GCA_003207795.1,Pseudomonadota
 GCA_014174305.1,Pseudomonadota
 GCA_014174355.1,Pseudomonadota
 GCA_014174155.1,Pseudomonadota
 GCA_003350405.1,Pseudomonadota
 GCA_014174395.1,Pseudomonadota
 GCA_014174215.1,Pseudomonadota
 GCA_014174375.1,Pseudomonadota
 GCA_014174275.1,Pseudomonadota
 GCA_014174255.1,Pseudomonadota
 GCA_014192375.1,Pseudomonadota
 GCA_001889545.1,Pseudomonadota
 GCA_900156265.1,Pseudomonadota
 GCA_000202835.1,Pseudomonadota
 GCA_004353985.1,Pseudomonadota
 GCA_004761865.1,Pseudomonadota
 GCA_009900765.1,Pseudomonadota
 GCA_000425365.1,Pseudomonadota
 GCA_003253705.1,Pseudomonadota
 GCA_000164635.1,Pseudomonadota
 GCA_003116135.1,Pseudomonadota
 GCA_014490485.1,Pseudomonadota
 GCA_014490445.1,Pseudomonadota
 GCA_000711725.1,Pseudomonadota
 GCA_006438825.1,Pseudomonadota
 GCA_900141905.1,Pseudomonadota
 GCA_014199205.1,Pseudomonadota
 GCA_000378465.1,Pseudomonadota
 GCA_000426505.1,Pseudomonadota
 GCA_000238815.2,Pseudomonadota
 GCA_001968985.1,Pseudomonadota
 GCA_000218625.1,Pseudomonadota
 GCA_004087915.1,Pseudomonadota
 GCA_003664005.1,Pseudomonadota
 GCA_900188395.1,Pseudomonadota
 GCA_000445475.1,Pseudomonadota
 GCA_003633715.1,Pseudomonadota
 GCA_001595645.1,Pseudomonadota
 GCA_013201645.1,Pseudomonadota
 GCA_002119425.1,Pseudomonadota
 GCA_000010985.1,Pseudomonadota
 GCA_000420385.1,Pseudomonadota
 GCA_002335445.1,Pseudomonadota
 GCA_000012965.1,Pseudomonadota
 GCA_008362905.1,Pseudomonadota
 GCA_000987835.1,Pseudomonadota
 GCA_000512735.1,Pseudomonadota
 GCA_000765825.2,Pseudomonadota
 GCA_000469585.1,Pseudomonadota
 GCA_000021725.1,Pseudomonadota
 GCA_002742695.1,Pseudomonadota
 GCA_004339575.1,Pseudomonadota
 GCA_000487995.1,Pseudomonadota
 GCA_000194135.1,Pseudomonadota
 GCA_000177635.2,Pseudomonadota
 GCA_002878065.1,Pseudomonadota
 GCA_000025725.1,Pseudomonadota
 GCA_000687535.1,Pseudomonadota
 GCA_000744435.1,Pseudomonadota
 GCA_900182585.1,Pseudomonadota
 GCA_003364315.1,Pseudomonadota
 GCA_004339245.1,Pseudomonadota
 GCA_000242915.2,Pseudomonadota
 GCA_000185805.1,Pseudomonadota
